date,adj_close,volume,ret_1d,benchmark
2023-01-03,365.0720520019531,74850700,,SPY
2023-01-04,367.89044189453125,85934100,0.007720092176661808,SPY
2023-01-05,363.6916198730469,76970500,-0.011413240311060058,SPY
2023-01-06,372.03179931640625,104189600,0.0229320088438405,SPY
2023-01-09,371.8208312988281,73978100,-0.0005670698525388485,SPY
2023-01-10,374.428466796875,65358100,0.007013150632088072,SPY
2023-01-11,379.16412353515625,68881100,0.012647694174519941,SPY
2023-01-12,380.5446472167969,90157700,0.0036409659984948384,SPY
2023-01-13,382.0209655761719,63903900,0.0038794879133694504,SPY
2023-01-17,381.3211364746094,62677300,-0.0018319128127091133,SPY
2023-01-18,375.3008117675781,99632300,-0.01578806976893643,SPY
2023-01-19,372.56866455078125,86958900,-0.007279886243595102,SPY
2023-01-20,379.5093078613281,91806400,0.018629165496017785,SPY
2023-01-23,384.0628662109375,84178800,0.011998541946890207,SPY
2023-01-24,383.65069580078125,59524900,-0.0010731847476498357,SPY
2023-01-25,383.79443359375,84800300,0.00037465797545022106,SPY
2023-01-26,388.0124816894531,72287400,0.010990383722365271,SPY
2023-01-27,388.90399169921875,68346200,0.002297632297507235,SPY
2023-01-30,384.0245666503906,74202000,-0.012546605725255455,SPY
2023-01-31,389.6710205078125,86811800,0.014703366262925233,SPY
2023-02-01,393.8122863769531,101459200,0.010627595205165097,SPY
2023-02-02,399.5450439453125,101654500,0.014557081550452322,SPY
2023-02-03,395.29815673828125,94736800,-0.010629307687301859,SPY
2023-02-06,392.8824157714844,60295300,-0.006111187025838571,SPY
2023-02-07,398.020751953125,90990700,0.013078559832082837,SPY
2023-02-08,393.6684875488281,76227500,-0.010934767554053204,SPY
2023-02-09,390.2557678222656,78694900,-0.00866901932590991,SPY
2023-02-10,391.1664123535156,70769700,0.0023334556625047576,SPY
2023-02-13,395.75836181640625,64913500,0.011739120021226901,SPY
2023-02-14,395.5762634277344,88389300,-0.00046012518304372474,SPY
2023-02-15,396.86077880859375,61555700,0.0032472003495074286,SPY
2023-02-16,391.3965148925781,76431500,-0.01376871741374841,SPY
2023-02-17,390.41876220703125,89257800,-0.0024981129068438745,SPY
2023-02-21,382.5865478515625,82655900,-0.020061060362963512,SPY
2023-02-22,382.059326171875,83742300,-0.0013780455236812594,SPY
2023-02-23,384.09161376953125,96242400,0.005319298492250324,SPY
2023-02-24,379.98858642578125,108194400,-0.010682418456061327,SPY
2023-02-27,381.2828063964844,80444700,0.0034059443281617696,SPY
2023-02-28,379.87359619140625,96438600,-0.003695971025802658,SPY
2023-03-01,378.4163513183594,99706800,-0.003836130985825692,SPY
2023-03-02,381.3594665527344,85127800,0.007777452597176326,SPY
2023-03-03,387.4756774902344,90120000,0.01603791559912482,SPY
2023-03-06,387.7441101074219,72795900,0.0006927728184804582,SPY
2023-03-07,381.8004150390625,108310600,-0.01532891129335967,SPY
2023-03-08,382.4236145019531,74746600,0.0016322650220976787,SPY
2023-03-09,375.3678894042969,111945300,-0.01845002460647005,SPY
2023-03-10,369.9515686035156,189253000,-0.01442936637275194,SPY
2023-03-13,369.42425537109375,157790000,-0.0014253574715532569,SPY
2023-03-14,375.5309143066406,149752400,0.016530205709997636,SPY
2023-03-15,373.18218994140625,172996900,-0.006254410158404444,SPY
2023-03-16,379.729736328125,143254200,0.017545173813752424,SPY
2023-03-17,375.28973388671875,140553400,-0.011692532916541598,SPY
2023-03-20,378.8983459472656,93055800,0.009615536303575256,SPY
2023-03-21,383.8734130859375,91524200,0.013130347999366299,SPY
2023-03-22,377.3297424316406,111746600,-0.017046428409023373,SPY
2023-03-23,378.349853515625,119351300,0.00270350033212452,SPY
2023-03-24,380.8326110839844,107682400,0.006562068269062582,SPY
2023-03-27,381.5447082519531,74010400,0.0018698429368795288,SPY
2023-03-28,380.6882629394531,62871700,-0.0022446787859378148,SPY
2023-03-29,386.22149658203125,77497900,0.014534815441520799,SPY
2023-03-30,388.48297119140625,69840000,0.005855382544442733,SPY
2023-03-31,393.95843505859375,112062600,0.014094475879844248,SPY
2023-04-03,395.4596252441406,67391100,0.003810529365423143,SPY
2023-04-04,393.26556396484375,66601500,-0.005548129667958812,SPY
2023-04-05,392.2359313964844,65200200,-0.002618161015622067,SPY
2023-04-06,393.7659912109375,63743300,0.0039008660145072316,SPY
2023-04-10,394.17010498046875,63681000,0.0010262790046660086,SPY
2023-04-11,394.2760009765625,59297900,0.00026865557472710577,SPY
2023-04-12,392.6689453125,86420400,-0.004075966226912309,SPY
2023-04-13,397.88458251953125,85814800,0.013282530409631566,SPY
2023-04-14,396.9127197265625,78161500,-0.0024425746451762764,SPY
2023-04-17,398.3368835449219,66436400,0.0035881032468310092,SPY
2023-04-18,398.59674072265625,63560000,0.0006523553014268213,SPY
2023-04-19,398.5293884277344,55227300,-0.00016897352145872624,SPY
2023-04-20,396.3546142578125,75840400,-0.005456998236696431,SPY
2023-04-21,396.6624755859375,73457400,0.0007767320400735578,SPY
2023-04-24,397.0762939453125,64332100,0.0010432505841742046,SPY
2023-04-25,390.7731628417969,97766700,-0.01587385396616936,SPY
2023-04-26,389.1179504394531,80447000,-0.004235737148136409,SPY
2023-04-27,396.8645935058594,92968400,0.019908213069218528,SPY
2023-04-28,400.25189208984375,89433100,0.008535149366844186,SPY
2023-05-01,399.8478088378906,62122300,-0.00100957237164645,SPY
2023-05-02,395.35382080078125,103998500,-0.011239246377692025,SPY
2023-05-03,392.6400451660156,91531800,-0.006864169490682914,SPY
2023-05-04,389.85906982421875,94901900,-0.007082760345091699,SPY
2023-05-05,397.0762939453125,87891800,0.018512392502110675,SPY
2023-05-08,397.18212890625,50046800,0.0002665355815778536,SPY
2023-05-09,395.4403381347656,49220100,-0.00438537045027898,SPY
2023-05-10,397.2880554199219,96142900,0.004672556406035033,SPY
2023-05-11,396.59515380859375,70157100,-0.0017440786398568164,SPY
2023-05-12,396.0755310058594,70481500,-0.00131020966278661,SPY
2023-05-15,397.4420166015625,54289400,0.00345006315394647,SPY
2023-05-16,394.78607177734375,57705500,-0.006682596990950085,SPY
2023-05-17,399.57830810546875,87287000,0.012138818136491425,SPY
2023-05-18,403.4275207519531,97177200,0.00963318720862194,SPY
2023-05-19,402.8405456542969,103793300,-0.0014549703911180822,SPY
2023-05-22,403.004150390625,60745400,0.0004061277795719409,SPY
2023-05-23,398.4812927246094,86383500,-0.011222856294734629,SPY
2023-05-24,395.5943298339844,89213700,-0.007244914487416598,SPY
2023-05-25,399.0201721191406,90961600,0.008659988343599156,SPY
2023-05-26,404.187744140625,93830000,0.01295065358234937,SPY
2023-05-30,404.34173583984375,72216000,0.0003809905209921638,SPY
2023-05-31,402.0995788574219,110811800,-0.005545202940193117,SPY
2023-06-01,405.91986083984375,88865000,0.009500835572316069,SPY
2023-06-02,411.78997802734375,91426200,0.014461271186275049,SPY
2023-06-05,411.0008850097656,65460200,-0.001916251146660275,SPY
2023-06-06,411.89581298828125,64022200,0.0021774356483303947,SPY
2023-06-07,410.4715881347656,85373300,-0.0034577308353366254,SPY
2023-06-08,412.954345703125,61952800,0.006048549132575465,SPY
2023-06-09,413.6953125,85742800,0.0017943068152324049,SPY
2023-06-12,417.44830322265625,76104300,0.009071871518138819,SPY
2023-06-13,420.20050048828125,95899700,0.0065929056229916405,SPY
2023-06-14,420.7008972167969,100612100,0.0011908522905950125,SPY
2023-06-15,425.9166564941406,110303100,0.012397785010322737,SPY
2023-06-16,424.4659118652344,114165800,-0.0034061702137874184,SPY
2023-06-20,422.2636413574219,76160400,-0.005188333023339986,SPY
2023-06-21,420.1001281738281,76982300,-0.0051236075562623995,SPY
2023-06-22,421.61651611328125,70637200,0.0036095869478660614,SPY
2023-06-23,418.4291076660156,92074500,-0.007559970554875561,SPY
2023-06-26,416.7194519042969,72823600,-0.004085891087393878,SPY
2023-06-27,421.2881164550781,72813700,0.010963406027493239,SPY
2023-06-28,421.5006103515625,75636000,0.000504390910126773,SPY
2023-06-29,423.161865234375,67882300,0.003941287015994721,SPY
2023-06-30,428.1555480957031,104964000,0.011800881108608996,SPY
2023-07-03,428.64813232421875,32793400,0.001150479611221833,SPY
2023-07-05,428.01068115234375,58418400,-0.001487119909793111,SPY
2023-07-06,424.6590270996094,80658300,-0.007830771988471485,SPY
2023-07-07,423.5869140625,86134200,-0.0025246444057290818,SPY
2023-07-10,424.6590270996094,62443500,0.002531034367485585,SPY
2023-07-11,427.36346435546875,64463800,0.006368491150018585,SPY
2023-07-12,430.80206298828125,91924500,0.00804607534244517,SPY
2023-07-13,434.22125244140625,72425200,0.00793679916342005,SPY
2023-07-14,433.9508056640625,69815800,-0.0006228317380210235,SPY
2023-07-17,435.4576110839844,52680200,0.0034722954774011328,SPY
2023-07-18,438.69329833984375,80668200,0.007430544726970689,SPY
2023-07-19,439.6687927246094,65891700,0.002223636395762618,SPY
2023-07-20,436.7518310546875,70591600,-0.006634452383680878,SPY
2023-07-21,436.7518310546875,71275600,0.0,SPY
2023-07-24,438.70294189453125,54023400,0.004467321488114129,SPY
2023-07-25,439.9006652832031,55191200,0.0027301466990385936,SPY
2023-07-26,439.9682922363281,71052900,0.0001537323274596325,SPY
2023-07-27,437.0512390136719,92194400,-0.0066301442038676495,SPY
2023-07-28,441.3302001953125,80011800,0.009790525228340119,SPY
2023-07-31,442.17041015625,62040400,0.0019038125207966328,SPY
2023-08-01,440.9051208496094,55291500,-0.0028615422415839697,SPY
2023-08-02,434.77178955078125,93933400,-0.01391077356282322,SPY
2023-08-03,433.52581787109375,64276100,-0.0028658061760973297,SPY
2023-08-04,431.5650634765625,100128900,-0.004522808824073965,SPY
2023-08-07,435.3319396972656,58357500,0.008728408621305528,SPY
2023-08-08,433.43890380859375,71361300,-0.004348488397125871,SPY
2023-08-09,430.541259765625,78789600,-0.00668524218178701,SPY
2023-08-10,430.6957702636719,93005500,0.00035887500800968475,SPY
2023-08-11,430.4447021484375,68690900,-0.000582936106107268,SPY
2023-08-14,432.8207092285156,47867400,0.005519889240636511,SPY
2023-08-15,427.77886962890625,75707500,-0.011648794736731194,SPY
2023-08-16,424.6397399902344,80107200,-0.007338206399477021,SPY
2023-08-17,421.4040222167969,95711300,-0.007619912760666092,SPY
2023-08-18,421.6068420410156,98852000,0.00048129541609931437,SPY
2023-08-21,424.34991455078125,68719000,0.006506233381997184,SPY
2023-08-22,423.2005615234375,64994200,-0.0027085030252933517,SPY
2023-08-23,427.9140625,68441000,0.011137747453819236,SPY
2023-08-24,421.9835510253906,88517300,-0.01385911797327155,SPY
2023-08-25,424.9584655761719,102325100,0.0070498353396770685,SPY
2023-08-28,427.6532897949219,61595400,0.006341382598641143,SPY
2023-08-29,433.8349304199219,83081900,0.014454794976473506,SPY
2023-08-30,435.6217956542969,69053900,0.004118767552085956,SPY
2023-08-31,434.9842834472656,66084600,-0.0014634534208136651,SPY
2023-09-01,435.795654296875,58944100,0.001865287736787291,SPY
2023-09-05,433.9121398925781,55166200,-0.004322012818911203,SPY
2023-09-06,430.9952087402344,70758500,-0.0067224004220436395,SPY
2023-09-07,429.6719665527344,70355400,-0.0030702016186391345,SPY
2023-09-08,430.3191223144531,61659700,0.0015061624031720289,SPY
2023-09-11,433.1491394042969,60180100,0.006576554336285678,SPY
2023-09-12,430.7730407714844,67565400,-0.005485636277796413,SPY
2023-09-13,431.2752990722656,60199300,0.0011659464572846279,SPY
2023-09-14,434.993896484375,83430800,0.008622328754066322,SPY
2023-09-15,429.75299072265625,111848900,-0.012048228271881012,SPY
2023-09-18,430.0049743652344,55752200,0.0005863452914065537,SPY
2023-09-19,429.1132507324219,66514600,-0.002073751900495635,SPY
2023-09-20,425.1683349609375,82562600,-0.009193180972041914,SPY
2023-09-21,418.1409606933594,104095800,-0.016528451650153486,SPY
2023-09-22,417.2007751464844,100829700,-0.002248489469474535,SPY
2023-09-25,418.9551696777344,70874500,0.00420515645167252,SPY
2023-09-26,412.8002014160156,96168400,-0.014691233590584996,SPY
2023-09-27,412.9649353027344,104705800,0.0003990644533449217,SPY
2023-09-28,415.3591003417969,92258300,0.005797502001731347,SPY
2023-09-29,414.35107421875,115111300,-0.0024268786267530595,SPY
2023-10-02,414.186279296875,83798600,-0.000397718099767741,SPY
2023-10-03,408.6419372558594,103760600,-0.013386107454905871,SPY
2023-10-04,411.6176452636719,87453000,0.007281944745552105,SPY
2023-10-05,411.4625549316406,70142700,-0.0003767825160456706,SPY
2023-10-06,416.3477783203125,113273300,0.011872826166365202,SPY
2023-10-09,419.0132751464844,80374400,0.00640209210897047,SPY
2023-10-10,421.1941833496094,78607300,0.0052048666056285775,SPY
2023-10-11,422.9195251464844,62451700,0.004096309647854124,SPY
2023-10-12,420.34124755859375,81154200,-0.006096378707030836,SPY
2023-10-13,418.24761962890625,95143100,-0.004980781547962776,SPY
2023-10-16,422.6481018066406,75433200,0.010521236634027265,SPY
2023-10-17,422.62872314453125,75324700,-4.5850583562434544e-05,SPY
2023-10-18,416.9971618652344,93559800,-0.013325079368472048,SPY
2023-10-19,413.3332824707031,121323000,-0.008786341322187141,SPY
2023-10-20,408.25421142578125,123919900,-0.012288076620788124,SPY
2023-10-23,407.546630859375,92035100,-0.0017331862026238598,SPY
2023-10-24,410.6192932128906,78564200,0.007539412967386028,SPY
2023-10-25,404.7259826660156,94223200,-0.01435224950284919,SPY
2023-10-26,399.8795166015625,115156800,-0.011974684779386902,SPY
2023-10-27,398.06695556640625,107367700,-0.004532767896091694,SPY
2023-10-30,402.8262023925781,86562700,0.011955895257369509,SPY
2023-10-31,405.3560485839844,79665200,0.006280242388355672,SPY
2023-11-01,409.6790771484375,98068100,0.010664768860745077,SPY
2023-11-02,417.53033447265625,94938900,0.0191644088315841,SPY
2023-11-03,421.339599609375,100167800,0.009123325474135635,SPY
2023-11-06,422.30889892578125,67831700,0.0023005179605830595,SPY
2023-11-07,423.5108337402344,64256100,0.002846103450603321,SPY
2023-11-08,423.82098388671875,61746000,0.0007323310805187333,SPY
2023-11-09,420.5157165527344,83174400,-0.0077987345120877904,SPY
2023-11-10,427.0777893066406,89462200,0.015604821640675448,SPY
2023-11-13,426.67071533203125,52236100,-0.0009531611917122929,SPY
2023-11-14,434.9483947753906,97176900,0.019400627101669565,SPY
2023-11-15,435.86920166015625,77327600,0.0021170485874333345,SPY
2023-11-16,436.4023132324219,66665800,0.001223099889221535,SPY
2023-11-17,436.9451599121094,83133200,0.00124391338732055,SPY
2023-11-20,440.30859375,69936200,0.007697610928033116,SPY
2023-11-21,439.3490295410156,49244600,-0.0021792992973678205,SPY
2023-11-22,441.045166015625,59394900,0.0038605672496450083,SPY
2023-11-24,441.3166198730469,29737400,0.0006154785911705041,SPY
2023-11-27,440.5218200683594,50506000,-0.001800974105430564,SPY
2023-11-28,440.9579772949219,62115000,0.0009900922194836514,SPY
2023-11-29,440.6478271484375,63146000,-0.0007033553364585998,SPY
2023-11-30,442.3828125,79752700,0.003937351428214386,SPY
2023-12-01,444.9999084472656,89183400,0.0059159078366446405,SPY
2023-12-04,442.66387939453125,72430900,-0.0052495045693052855,SPY
2023-12-05,442.57672119140625,69793500,-0.00019689477091333618,SPY
2023-12-06,440.7931823730469,69124700,-0.00402989749112459,SPY
2023-12-07,444.1566467285156,66995400,0.007630481799562494,SPY
2023-12-08,446.066162109375,83194400,0.004299193527608214,SPY
2023-12-11,447.8011779785156,65002200,0.003889593106403799,SPY
2023-12-12,449.8463439941406,68327600,0.004567129601707132,SPY
2023-12-13,456.0497741699219,93278000,0.01379010913082368,SPY
2023-12-14,457.5133972167969,119026000,0.0032093493512610483,SPY
2023-12-15,456.7601013183594,141553700,-0.0016465001965407788,SPY
2023-12-18,459.3294372558594,70375300,0.005625132164749136,SPY
2023-12-19,462.12255859375,55761800,0.006080867262889589,SPY
2023-12-20,455.7187805175781,102921000,-0.013857315461203057,SPY
2023-12-21,460.0398864746094,86667500,0.00948195716692557,SPY
2023-12-22,460.96441650390625,67160400,0.0020096736315229347,SPY
2023-12-26,462.910888671875,55387000,0.0042226082931333675,SPY
2023-12-27,463.74786376953125,68000300,0.001808069583451699,SPY
2023-12-28,463.9230041503906,77158100,0.00037766293829522013,SPY
2023-12-29,462.5799865722656,122283100,-0.0028949148158422533,SPY
2024-01-02,459.9911804199219,123623700,-0.005596450835512523,SPY
2024-01-03,456.2346496582031,103585900,-0.00816652779796656,SPY
2024-01-04,454.7650146484375,84232200,-0.0032212262064413855,SPY
2024-01-05,455.38787841796875,86118900,0.0013696387133315113,SPY
2024-01-08,461.8890075683594,74879100,0.014276025907794754,SPY
2024-01-09,461.1882629394531,65931400,-0.001517127745895852,SPY
2024-01-10,463.7965087890625,67310600,0.005655490521344397,SPY
2024-01-11,463.5921325683594,77940700,-0.00044065924781699906,SPY
2024-01-12,463.9132385253906,58026400,0.0006926475547639477,SPY
2024-01-16,462.21014404296875,85014900,-0.003671148699777138,SPY
2024-01-17,459.640869140625,68843900,-0.005558672684831678,SPY
2024-01-18,463.7283630371094,91856200,0.008892799076214875,SPY
2024-01-19,469.50927734375,110834500,0.012466165038470978,SPY
2024-01-22,470.501953125,75844900,0.0021142836343215343,SPY
2024-01-23,471.8741760253906,49945300,0.0029165084040065903,SPY
2024-01-24,472.3900146484375,81765000,0.0010931698517426813,SPY
2024-01-25,474.95928955078125,72525000,0.0054388848677418,SPY
2024-01-26,474.35589599609375,76641600,-0.0012704111025140241,SPY
2024-01-29,478.112548828125,61322800,0.007919481688201113,SPY
2024-01-30,477.7427062988281,58618400,-0.000773547003113384,SPY
2024-01-31,469.9472351074219,126011100,-0.016317300271938007,SPY
2024-02-01,476.09796142578125,91891600,0.01308812108864399,SPY
2024-02-02,481.1100769042969,99228200,0.010527487795801038,SPY
2024-02-05,479.3582763671875,75757100,-0.0036411636779286605,SPY
2024-02-06,480.74993896484375,55918600,0.0029031784080228995,SPY
2024-02-07,484.75958251953125,70556500,0.008340393268319701,SPY
2024-02-08,484.9737548828125,52343600,0.0004418115102915454,SPY
2024-02-09,487.7765808105469,63979400,0.00577933527230079,SPY
2024-02-12,487.5624084472656,56502300,-0.00043907881539817506,SPY
2024-02-13,480.8472900390625,113099200,-0.01377283870097512,SPY
2024-02-14,485.217041015625,68387800,0.009087606537633741,SPY
2024-02-15,488.5648498535156,61683000,0.006899611008886364,SPY
2024-02-16,486.1318054199219,75532900,-0.004979982563877106,SPY
2024-02-20,483.45556640625,71736700,-0.0055051716094982606,SPY
2024-02-21,483.8934326171875,59293400,0.0009057010434121437,SPY
2024-02-22,493.9078063964844,76402500,0.020695411642875694,SPY
2024-02-23,494.2484436035156,61321800,0.0006896777143825528,SPY
2024-02-26,492.43829345703125,50386700,-0.0036624296341466467,SPY
2024-02-27,493.35308837890625,48854500,0.0018576843718893787,SPY
2024-02-28,492.7010498046875,56506600,-0.001321646888562622,SPY
2024-02-29,494.4722900390625,83924800,0.0035949593269126723,SPY
2024-03-01,499.114501953125,76844800,0.009388214481534929,SPY
2024-03-04,498.57928466796875,49799300,-0.0010723336690515728,SPY
2024-03-05,493.5964050292969,72855600,-0.00999415698145234,SPY
2024-03-06,496.09759521484375,68382400,0.005067277962444772,SPY
2024-03-07,501.02203369140625,58652100,0.009926350226370007,SPY
2024-03-08,498.01483154296875,86532500,-0.006002135527416241,SPY
2024-03-11,497.5866394042969,62557200,-0.0008597979649426213,SPY
2024-03-12,502.9393615722656,73114400,0.010757367147913977,SPY
2024-03-13,502.1509704589844,55104100,-0.0015675669345437404,SPY
2024-03-14,501.1583251953125,110171800,-0.001976786508576467,SPY
2024-03-15,497.717041015625,107646300,-0.006866660707165462,SPY
2024-03-18,500.675048828125,88893300,0.0059431515675332225,SPY
2024-03-19,503.4573669433594,60755300,0.005557133557477334,SPY
2024-03-20,508.114013671875,69594600,0.009249336754743487,SPY
2024-03-21,509.7931823730469,60256100,0.0033047085024036083,SPY
2024-03-22,508.8267517089844,79070800,-0.0018957308521935223,SPY
2024-03-25,507.42095947265625,48512100,-0.0027628111761155427,SPY
2024-03-26,506.4837341308594,65463700,-0.0018470371085398396,SPY
2024-03-27,510.7401428222656,82999800,0.00840384084339929,SPY
2024-03-28,510.64251708984375,96294900,-0.0001911456026980618,SPY
2024-04-01,509.754150390625,62477500,-0.0017397037447676178,SPY
2024-04-02,506.5129699707031,74230300,-0.006358320805113893,SPY
2024-04-03,507.0694274902344,59155800,0.0010986046804752903,SPY
2024-04-04,500.880126953125,96858100,-0.012206021900676656,SPY
2024-04-05,506.11273193359375,74546500,0.010446820903633913,SPY
2024-04-08,506.3958740234375,48401800,0.0005594447086165744,SPY
2024-04-09,506.98162841796875,68049200,0.0011567124152835895,SPY
2024-04-10,501.9051513671875,82652800,-0.010013138082778927,SPY
2024-04-11,505.6929626464844,70099000,0.007546866711725997,SPY
2024-04-12,498.71282958984375,92561100,-0.013803104991042203,SPY
2024-04-15,492.46490478515625,92101400,-0.012528101211725318,SPY
2024-04-16,491.5667419433594,73484000,-0.001823810860570263,SPY
2024-04-17,488.6575622558594,75910300,-0.005918178426796872,SPY
2024-04-18,487.6520080566406,74548100,-0.0020577890876725125,SPY
2024-04-19,483.3956298828125,102212600,-0.008728310564720898,SPY
2024-04-22,487.8472595214844,67961000,0.00920908126486597,SPY
2024-04-23,493.6364440917969,64633600,0.011866797357826586,SPY
2024-04-24,493.402099609375,55928100,-0.0004747309183239512,SPY
2024-04-25,491.5277099609375,69122400,-0.0037989089424659284,SPY
2024-04-26,496.18438720703125,64306100,0.00947388550375683,SPY
2024-04-29,497.94158935546875,46415400,0.0035414297461646704,SPY
2024-04-30,490.0535583496094,77483600,-0.0158412777210869,SPY
2024-05-01,488.46234130859375,80242800,-0.0032470268073850894,SPY
2024-05-02,493.0311279296875,62550200,0.009353406055529145,SPY
2024-05-03,499.14239501953125,72756700,0.01239529665298389,SPY
2024-05-06,504.29693603515625,47264700,0.01032679465230224,SPY
2024-05-07,504.8534851074219,52561300,0.001103613828474348,SPY
2024-05-08,504.9022216796875,42047200,9.653607175796886e-05,SPY
2024-05-09,507.8113708496094,43643700,0.005761807029178501,SPY
2024-05-10,508.4654846191406,52233200,0.0012881038257115396,SPY
2024-05-13,508.5338134765625,36716400,0.00013438248905539574,SPY
2024-05-14,510.8670349121094,57535900,0.004588134306342306,SPY
2024-05-15,517.1931762695312,59504900,0.012383146543229584,SPY
2024-05-16,516.1289672851562,50244800,-0.002057662461927734,SPY
2024-05-17,516.8709106445312,59187600,0.0014375154397507917,SPY
2024-05-20,517.4664306640625,37764200,0.001152163929652561,SPY
2024-05-21,518.7354736328125,33437000,0.0024524160284589147,SPY
2024-05-22,517.241943359375,48390000,-0.002879175127503797,SPY
2024-05-23,513.4639282226562,57211200,-0.00730415463251366,SPY
2024-05-24,516.8612060546875,41291100,0.0066163904517906325,SPY
2024-05-28,517.2223510742188,36269600,0.0006987272701077796,SPY
2024-05-29,513.6004638671875,45190300,-0.007002572877040092,SPY
2024-05-30,510.19342041015625,46377600,-0.006633645599495197,SPY
2024-05-31,514.8403930664062,90785800,0.009108256732347053,SPY
2024-06-03,515.2600708007812,46835700,0.0008151608537849686,SPY
2024-06-04,515.8360595703125,34632700,0.00111786028487737,SPY
2024-06-05,521.9669189453125,47610400,0.011885286538725115,SPY
2024-06-06,521.9571533203125,30808500,-1.8709279545392477e-05,SPY
2024-06-07,521.322509765625,43224500,-0.0012158920529211636,SPY
2024-06-10,522.933349609375,35686100,0.003089910398218265,SPY
2024-06-11,524.1927490234375,36383400,0.002408336387425436,SPY
2024-06-12,528.498046875,63251300,0.00821319611838045,SPY
2024-06-13,529.56201171875,44760900,0.002013185952230545,SPY
2024-06-14,529.88427734375,40089900,0.000608551251541023,SPY
2024-06-17,534.1015625,55839500,0.007958879582898204,SPY
2024-06-18,535.45849609375,41376400,0.0025405909456592823,SPY
2024-06-20,534.0040893554688,70328200,-0.0027161894878713344,SPY
2024-06-21,533.2880249023438,64338600,-0.0013409343999393197,SPY
2024-06-24,531.5543823242188,45528700,-0.0032508560049561153,SPY
2024-06-25,533.6014404296875,37936200,0.0038510793505606156,SPY
2024-06-26,534.2675170898438,38550600,0.0012482662333517247,SPY
2024-06-27,535.109619140625,35041500,0.0015761805160234843,SPY
2024-06-28,533.00390625,76144500,-0.003935105659297888,SPY
2024-07-01,534.1009521484375,40297800,0.002058232379863467,SPY
2024-07-02,537.6953125,40434800,0.006729739643983157,SPY
2024-07-03,540.0948486328125,32789900,0.0044626316745368655,SPY
2024-07-05,543.2093505859375,41488400,0.005766583334406938,SPY
2024-07-08,543.8360595703125,36110500,0.0011537153837630765,SPY
2024-07-09,544.364990234375,27289700,0.000972592116235127,SPY
2024-07-10,549.7515258789062,38701200,0.009895080949662294,SPY
2024-07-11,545.0113525390625,53054200,-0.00862239232945372,SPY
2024-07-12,548.4490966796875,53084400,0.0063076560233277235,SPY
2024-07-15,549.9573364257812,40584300,0.002750008624728517,SPY
2024-07-16,553.2186279296875,36475300,0.005930080913369773,SPY
2024-07-17,545.4618530273438,57119000,-0.01402117447015827,SPY
2024-07-18,541.2701416015625,56270400,-0.007684701326989285,SPY
2024-07-19,537.6756591796875,65509100,-0.006640828942160559,SPY
2024-07-22,543.2190551757812,43346700,0.010309925512624218,SPY
2024-07-23,542.3670654296875,34439600,-0.001568409167491458,SPY
2024-07-24,530.0756225585938,74515300,-0.022662590807124183,SPY
2024-07-25,527.313720703125,61158300,-0.005210392136385078,SPY
2024-07-26,533.219482421875,53763800,0.01119971183544255,SPY
2024-07-29,533.5328979492188,39515800,0.000587779587347903,SPY
2024-07-30,530.8297729492188,46853600,-0.005066463587138137,SPY
2024-07-31,539.4581909179688,65663400,0.01625458557234216,SPY
2024-08-01,531.8189697265625,76428700,-0.014160914265491042,SPY
2024-08-02,521.9172973632812,82789100,-0.018618501646100127,SPY
2024-08-05,506.7171936035156,146267400,-0.029123586891172892,SPY
2024-08-06,511.3887939453125,84826300,0.009219344440583921,SPY
2024-08-07,507.9708251953125,70698300,-0.00668369895951515,SPY
2024-08-08,519.7137451171875,63276600,0.023117311741988056,SPY
2024-08-09,522.0054931640625,45619600,0.004409635243259213,SPY
2024-08-12,522.2797241210938,42542100,0.0005253411326555657,SPY
2024-08-13,530.8689575195312,52333100,0.016445657378125755,SPY
2024-08-14,532.5436401367188,42446900,0.00315460641174492,SPY
2024-08-15,541.6715698242188,60846800,0.01714024729533259,SPY
2024-08-16,542.8860473632812,44430700,0.002242092084427938,SPY
2024-08-19,548.0767822265625,39121800,0.00956137091474707,SPY
2024-08-20,547.185546875,33732300,-0.0016261140417987985,SPY
2024-08-21,549.0659790039062,41514600,0.003436552993121733,SPY
2024-08-22,544.7566528320312,56121500,-0.00784846691775154,SPY
2024-08-23,550.5448608398438,50639400,0.010625309443622832,SPY
2024-08-26,549.2324829101562,35788600,-0.002383780184026185,SPY
2024-08-27,549.9866943359375,32693900,0.0013732097959411327,SPY
2024-08-28,546.7938842773438,41066000,-0.005805249638718646,SPY
2024-08-29,546.8427734375,38715200,8.941058333311602e-05,SPY
2024-08-30,552.0629272460938,62700100,0.009545986638498372,SPY
2024-09-03,540.7020263671875,60600100,-0.020578996194471677,SPY
2024-09-04,539.5953369140625,47224900,-0.0020467640200287907,SPY
2024-09-05,538.2828979492188,44264300,-0.0024322652088685226,SPY
2024-09-06,529.2235107421875,68493800,-0.016830159831468183,SPY
2024-09-09,535.14892578125,40445800,0.01119643197777176,SPY
2024-09-10,537.4798583984375,36394600,0.004355670926153188,SPY
2024-09-11,542.9937133789062,75248600,0.010258719269776506,SPY
2024-09-12,547.5676879882812,51819600,0.008423623509215883,SPY
2024-09-13,550.4273681640625,39310500,0.005222514473575801,SPY
2024-09-16,551.240234375,36656100,0.001476791049923154,SPY
2024-09-17,551.4655151367188,49321000,0.0004086798235511946,SPY
2024-09-18,549.8299560546875,59044900,-0.0029658410855042394,SPY
2024-09-19,559.2124633789062,75315500,0.017064380034043758,SPY
2024-09-20,558.245849609375,77503100,-0.0017285268709690271,SPY
2024-09-23,559.6408081054688,44116900,0.002498824661338439,SPY
2024-09-24,561.2421264648438,46805700,0.002861332369231473,SPY
2024-09-25,560.0042724609375,38428600,-0.0022055614600836604,SPY
2024-09-26,562.2244873046875,48336000,0.003964639116043278,SPY
2024-09-27,561.4091186523438,42100900,-0.0014502546060429777,SPY
2024-09-30,563.6588745117188,63557400,0.004007337580792303,SPY
2024-10-01,558.6092529296875,72668800,-0.00895864823632131,SPY
2024-10-02,558.8451538085938,38097800,0.0004223003426260252,SPY
2024-10-03,557.8234252929688,40846500,-0.0018282855432525391,SPY
2024-10-04,562.8925170898438,42939100,0.009087269496100392,SPY
2024-10-07,557.8037719726562,49964700,-0.009040349556423855,SPY
2024-10-08,563.0792236328125,37398700,0.009457540312966639,SPY
2024-10-09,566.9793090820312,37912200,0.006926352963365634,SPY
2024-10-10,565.987060546875,44138100,-0.0017500612795954273,SPY
2024-10-11,569.3762817382812,42268000,0.005988160203046933,SPY
2024-10-14,574.0328979492188,36217200,0.008178451334012404,SPY
2024-10-15,569.5728759765625,54203600,-0.007769627818527525,SPY
2024-10-16,572.0485229492188,30725400,0.004346497308902908,SPY
2024-10-17,572.0975341796875,34393700,8.56767013679427e-05,SPY
2024-10-18,574.2982177734375,37416800,0.0038466930239535735,SPY
2024-10-21,573.3550415039062,36439000,-0.0016423109811971592,SPY
2024-10-22,573.0504760742188,34183800,-0.0005311986598890428,SPY
2024-10-23,567.8143310546875,49314600,-0.009137319028861723,SPY
2024-10-24,569.0423583984375,34979900,0.002162726927777525,SPY
2024-10-25,568.8458251953125,47268200,-0.00034537534899536926,SPY
2024-10-28,570.6044311523438,30174700,0.0030915335564385416,SPY
2024-10-29,571.52783203125,42899700,0.0016182855030435483,SPY
2024-10-30,569.7988891601562,41435800,-0.0030251245419649075,SPY
2024-10-31,558.6289672851562,60182500,-0.019603270710941034,SPY
2024-11-01,560.9866333007812,45667500,0.0042204506992948865,SPY
2024-11-04,559.7783203125,38217000,-0.002153906914272974,SPY
2024-11-05,566.5470581054688,39478300,0.012091818399094123,SPY
2024-11-06,580.6345825195312,68182000,0.024865585678215618,SPY
2024-11-07,585.1242065429688,47233200,0.007732271136789315,SPY
2024-11-08,587.6587524414062,46444900,0.004331637402957833,SPY
2024-11-11,588.21875,37586800,0.0009529298360098082,SPY
2024-11-12,586.3914794921875,43006100,-0.0031064472321096215,SPY
2024-11-13,586.6763305664062,47388600,0.0004857694632012244,SPY
2024-11-14,582.9039306640625,38904100,-0.00643012118573405,SPY
2024-11-15,575.437744140625,75988800,-0.012808605553460195,SPY
2024-11-18,577.7955322265625,37001700,0.004097381706267278,SPY
2024-11-19,579.9076538085938,49412000,0.0036554827170298676,SPY
2024-11-20,580.1041259765625,50032600,0.00033879905995104487,SPY
2024-11-21,583.21826171875,46750300,0.005368235809295685,SPY
2024-11-22,585.0260009765625,38226400,0.0030995930279773543,SPY
2024-11-25,587.0103149414062,42441400,0.0033918389294345097,SPY
2024-11-26,590.0753784179688,45621300,0.005221481460455202,SPY
2024-11-27,588.2874145507812,34000200,-0.003030060111948951,SPY
2024-11-29,591.9419555664062,30177400,0.00621216929893964,SPY
2024-12-02,593.0029296875,31746000,0.0017923617528994296,SPY
2024-12-03,593.2780151367188,26906600,0.0004638854809093651,SPY
2024-12-04,596.9619140625,42787600,0.006209397334455913,SPY
2024-12-05,595.9796142578125,28762200,-0.0016454982831360931,SPY
2024-12-06,597.109375,31241500,0.0018956365539355424,SPY
2024-12-09,594.034423828125,34742700,-0.0051497285097474865,SPY
2024-12-10,592.1876220703125,37234500,-0.003108913698824378,SPY
2024-12-11,596.7655639648438,28677700,0.007730559917018542,SPY
2024-12-12,593.690673828125,31543800,-0.005152593115945736,SPY
2024-12-13,593.57275390625,35904700,-0.00019862181953211877,SPY
2024-12-16,596.1072998046875,43695200,0.004269983555946322,SPY
2024-12-17,593.6513061523438,55773500,-0.004120052972255928,SPY
2024-12-18,575.9584350585938,108248700,-0.029803473706515593,SPY
2024-12-19,575.781494140625,85919500,-0.00030721126247723607,SPY
2024-12-20,582.697265625,125716700,0.012011104133690553,SPY
2024-12-23,586.1865844726562,57635800,0.005988219017835306,SPY
2024-12-24,592.7020874023438,33160100,0.011115066605539958,SPY
2024-12-26,592.7415771484375,41219100,6.662663576362249e-05,SPY
2024-12-27,586.5020751953125,64969300,-0.010526513060112985,SPY
2024-12-30,579.80908203125,56578800,-0.011411712672685148,SPY
2024-12-31,577.6997680664062,57052700,-0.0036379457138790983,SPY
2025-01-02,576.2803344726562,50204000,-0.002457043731384778,SPY
2025-01-03,583.4857788085938,37888500,0.01250336668616514,SPY
2025-01-06,586.8469848632812,47679400,0.005760562085250331,SPY
2025-01-07,580.2133178710938,60393100,-0.011303912541585137,SPY
2025-01-08,581.0609130859375,47304700,0.0014608337808474925,SPY
2025-01-10,572.189697265625,73105000,-0.015267273396860626,SPY
2025-01-13,573.0768432617188,47910100,0.001550440352794169,SPY
2025-01-14,573.8653564453125,48420600,0.0013759292368293874,SPY
2025-01-15,584.3040161132812,56900200,0.018190085097014475,SPY
2025-01-16,583.1802368164062,43319700,-0.0019232784062486186,SPY
2025-01-17,589.0353393554688,58070600,0.010039953635990084,SPY
2025-01-21,594.4270629882812,42532900,0.009153480738035569,SPY
2025-01-22,597.7686157226562,48196000,0.0056214680360890945,SPY
2025-01-23,601.0313110351562,41152100,0.005458124141488607,SPY
2025-01-24,599.2767333984375,34604700,-0.0029192782547332596,SPY
2025-01-27,590.7996826171875,70361100,-0.014145469544892042,SPY
2025-01-28,595.8760375976562,44433300,0.008592345476525987,SPY
2025-01-29,593.2047729492188,37177400,-0.004482920070434493,SPY
2025-01-30,596.3886108398438,39281300,0.005367181849862845,SPY
2025-01-31,593.2146606445312,66566900,-0.005321949711351581,SPY
2025-02-03,589.22265625,65857200,-0.006729443251105582,SPY
2025-02-04,593.17529296875,33457800,0.006708222565482869,SPY
2025-02-05,595.5803833007812,30653100,0.004054603016241831,SPY
2025-02-06,597.650390625,35771500,0.003475613674087885,SPY
2025-02-07,592.1796875,50788500,-0.00915368451324683,SPY
2025-02-10,596.2013549804688,26048700,0.0067912958944049695,SPY
2025-02-11,596.6547241210938,30056700,0.0007604295710461617,SPY
2025-02-12,594.7326049804688,45076100,-0.0032214932069069002,SPY
2025-02-13,601.0115356445312,40921300,0.010557569252939603,SPY
2025-02-14,600.9819946289062,26910400,-4.9152160770615794e-05,SPY
2025-02-18,602.746337890625,26749000,0.0029357672567349447,SPY
2025-02-19,604.165771484375,31011100,0.0023549435384666584,SPY
2025-02-20,601.6522827148438,36554000,-0.0041602634378903325,SPY
2025-02-21,591.361572265625,76519800,-0.017104082781476126,SPY
2025-02-24,588.6707153320312,50737200,-0.004550273571690688,SPY
2025-02-25,585.7431030273438,58266500,-0.004973259631297022,SPY
2025-02-26,586.0387573242188,43321600,0.0005047507949251795,SPY
2025-02-27,576.6843872070312,74196700,-0.015962033227799433,SPY
2025-02-28,585.6838989257812,88744100,0.015605610136830705,SPY
2025-03-03,575.4227905273438,74249200,-0.017519874487343268,SPY
2025-03-04,568.611572265625,109648200,-0.011836893452684794,SPY
2025-03-05,574.722900390625,71230500,0.010747808210532117,SPY
2025-03-06,564.5209350585938,80094900,-0.017751102879487224,SPY
2025-03-07,567.6849975585938,81158800,0.005604862997103277,SPY
2025-03-10,552.5643920898438,99326600,-0.026635555869501948,SPY
2025-03-11,547.970947265625,88102100,-0.008312958435207851,SPY
2025-03-12,550.8787841796875,69588200,0.00530655307288197,SPY
2025-03-13,543.5353393554688,74079400,-0.013330418660348009,SPY
2025-03-14,554.7625122070312,62660300,0.02065582868057092,SPY
2025-03-17,559.0404052734375,49008700,0.007711215109664327,SPY
2025-03-18,552.998046875,66041400,-0.010808446655089399,SPY
2025-03-19,559.0206909179688,66556000,0.010890895685803592,SPY
2025-03-20,557.4041137695312,62958200,-0.0028918019935593176,SPY
2025-03-21,557.5880126953125,83763000,0.00032992028806111406,SPY
2025-03-24,567.5736083984375,58766800,0.017908555198050014,SPY
2025-03-25,568.93798828125,38355700,0.0024038818271738815,SPY
2025-03-26,562.1458129882812,51848300,-0.01193834026356333,SPY
2025-03-27,560.6529541015625,42164200,-0.0026556435220658203,SPY
2025-03-28,549.3623657226562,71662700,-0.020138283935378976,SPY
2025-03-31,553.0501098632812,95328200,0.00671277169810125,SPY
2025-04-01,554.6121826171875,54609600,0.002824468752555598,SPY
2025-04-02,558.1219482421875,76014500,0.00632832407041195,SPY
2025-04-03,530.6173095703125,125986000,-0.04928069709227745,SPY
2025-04-04,499.5533447265625,217965100,-0.05854306726048053,SPY
2025-04-07,498.6635437011719,256611400,-0.0017811932094612404,SPY
2025-04-08,490.8531188964844,165816600,-0.015662714676747957,SPY
2025-04-09,542.4021606445312,241867300,0.1050192812545172,SPY
2025-04-10,518.6346435546875,162331200,-0.04381899412347667,SPY
2025-04-11,527.8884887695312,97866300,0.017842705515039414,SPY
2025-04-14,533.0098266601562,68034000,0.009701552505080091,SPY
2025-04-15,531.5169067382812,56892900,-0.0028009238239182777,SPY
2025-04-16,519.7022705078125,83484800,-0.022228147554083866,SPY
2025-04-17,520.44384765625,79868100,0.0014269268974194116,SPY
2025-04-21,508.0558776855469,69368100,-0.02380270230206527,SPY
2025-04-22,521.2743530273438,75948100,0.026017758916625056,SPY
2025-04-23,529.3516845703125,90590700,0.015495355748962103,SPY
2025-04-24,540.4940185546875,64150400,0.021049019601060648,SPY
2025-04-25,544.3992919921875,61119600,0.0072253777163768795,SPY
2025-04-28,544.6068115234375,47613800,0.00038118993595781525,SPY
2025-04-29,548.0375366210938,47775100,0.006299453156047408,SPY
2025-04-30,548.2550659179688,93101500,0.00039692408336877705,SPY
2025-05-01,552.1404418945312,63186100,0.007086803603094882,SPY
2025-05-02,560.3365478515625,60717300,0.014844241310975725,SPY
2025-05-05,557.1234130859375,38659200,-0.005734294466325229,SPY
2025-05-06,552.4667358398438,48264700,-0.008358430352621848,SPY
2025-05-07,554.7901611328125,55588000,0.00420554784974847,SPY
2025-05-08,558.6558227539062,65130800,0.006967790512363292,SPY
2025-05-09,557.9439697265625,37603400,-0.0012742246627532872,SPY
2025-05-12,576.382568359375,78993600,0.03304740194942668,SPY
2025-05-13,580.18896484375,67947200,0.006603941016484205,SPY
2025-05-14,580.9304809570312,66283500,0.0012780596636838837,SPY
2025-05-15,583.7680053710938,71268100,0.00488444746329697,SPY
2025-05-16,587.4655151367188,76052100,0.006333868474471371,SPY
2025-05-19,588.108154296875,68168500,0.001093918100038005,SPY
