platform,language_code,language_name,n_rows,nrc_net_n,nrc_net_mean,nrc_net_ci95,hf_net_4_class_n,hf_net_4_class_mean,hf_net_4_class_ci95,finbert_net_n,finbert_net_mean,finbert_net_ci95
reddit,en,English,200,200,0.53,0.1689772747945265,200,-0.1239485,0.05391550812875913,200,0.0185015,0.055979503732389455
reddit,fr,French,65,65,0.16923076923076924,0.20416570019495117,65,-0.023858461538461537,0.05552680909583093,65,0.028775384615384616,0.10213683065536218
reddit,de,German,162,162,0.05555555555555555,0.11545424767627607,162,0.030403086419753086,0.009842026279391972,162,0.09820555555555556,0.03351726475218499
reddit,es,Spanish,83,83,0.024096385542168676,0.13429437199701938,83,-0.05003614457831325,0.05672197543992943,83,0.2818939759036144,0.05039239752790863
reddit,pt,Portuguese,34,34,-0.058823529411764705,0.11529411764705882,34,-0.12314117647058825,0.09490979768217009,34,0.4149235294117647,0.0782974290339003
bluesky,en,English,500,500,0.628,0.14644226002846478,500,0.0020390000000000004,0.0321196247000687,500,0.022341399999999994,0.03626153627136265
bluesky,fr,French,500,500,0.16,0.06966488119090339,500,-0.0944088,0.02967786899180685,500,0.1677082,0.015638222620301383
bluesky,de,German,500,500,-0.512,0.09176686075411607,500,-0.026059199999999998,0.02449189214482739,500,0.07873420000000002,0.01391126999434563
bluesky,es,Spanish,500,500,0.152,0.05772947194511764,500,-0.08015440000000001,0.030997905509000685,500,0.29692219999999997,0.019721226663890985
bluesky,pt,Portuguese,500,500,0.306,0.06910812217026158,500,-0.0856832,0.028917573125247176,500,0.3014196,0.021988720216750652
