ticker,sentiment,target,model,n,accuracy_insample,baseline_accuracy_insample,acc_minus_baseline_insample,pseudo_r2_mcfadden,llf,auc_insample,time_split_accuracy,time_split_baseline_accuracy,time_split_acc_minus_baseline,time_split_auc,time_split_n_train,time_split_n_test,walkforward_accuracy,walkforward_baseline_accuracy,walkforward_acc_minus_baseline,walkforward_auc,walkforward_n_predictions
NVDA,NRC_net,next_day,logit_level_lag1,583,0.548885077186964,0.5523156089193825,-0.0034305317324184736,0.002625640858682443,-399.8550660829596,0.5272423312153447,0.5068493150684932,0.5068493150684932,0.0,0.47250375375375375,437.0,146.0,0.5428571428571428,0.5532467532467532,-0.010389610389610393,0.5087072824544164,385.0
NVDA,NRC_net,next_day,logit_level_plus_trend5,578,0.5467128027681661,0.5501730103806228,-0.0034602076124566894,0.0026791323081741814,-396.6585767338681,0.5280841799709723,0.496551724137931,0.503448275862069,-0.006896551724137945,0.4678462709284627,433.0,145.0,0.5289473684210526,0.55,-0.021052631578947434,0.5016928285626346,380.0
NVDA,NRC_net,next_day,logit_level_plus_trend10,573,0.5410122164048866,0.5497382198952879,-0.008726003490401313,0.004307282162803405,-392.63505563196463,0.5301341208317952,0.5208333333333334,0.5069444444444444,0.01388888888888895,0.497009453984179,429.0,144.0,0.544,0.544,0.0,0.521155830753354,375.0
NVDA,NRC_net,next_day,logit_level_plus_trend15,568,0.5404929577464789,0.545774647887324,-0.005281690140845119,0.004870614255460093,-389.41799255693854,0.5432483120780196,0.5070422535211268,0.5070422535211268,0.0,0.47003968253968254,426.0,142.0,0.5351351351351351,0.5405405405405406,-0.005405405405405461,0.5034117647058823,370.0
NVDA,HF_net_4,next_day,logit_level_lag1,583,0.5643224699828473,0.5523156089193825,0.012006861063464824,0.006098435967322735,-398.46279576346444,0.5613978724923252,0.5068493150684932,0.5068493150684932,0.0,0.539039039039039,437.0,146.0,0.548051948051948,0.5532467532467532,-0.0051948051948051965,0.5308439786002839,385.0
NVDA,HF_net_4,next_day,logit_level_plus_trend5,578,0.5536332179930796,0.5501730103806228,0.0034602076124568004,0.00892075076787835,-394.1761344477942,0.5762457668118045,0.503448275862069,0.503448275862069,0.0,0.5401445966514459,433.0,145.0,0.5421052631578948,0.55,-0.007894736842105288,0.5237975321077815,380.0
NVDA,HF_net_4,next_day,logit_level_plus_trend10,573,0.568935427574171,0.5497382198952879,0.01919720767888311,0.008166061492111187,-391.1134094358116,0.5624338624338624,0.4861111111111111,0.5069444444444444,-0.020833333333333315,0.5145668531738375,429.0,144.0,0.5386666666666666,0.544,-0.005333333333333412,0.524911134044261,375.0
NVDA,HF_net_4,next_day,logit_level_plus_trend15,568,0.5492957746478874,0.545774647887324,0.0035211267605633756,0.007756889085936858,-388.2885240008362,0.5603025756439111,0.5,0.5070422535211268,-0.007042253521126751,0.5299603174603175,426.0,142.0,0.5297297297297298,0.5405405405405406,-0.010810810810810811,0.5085000000000001,370.0
NVDA,FB_net,next_day,logit_level_lag1,583,0.5523156089193825,0.5523156089193825,0.0,0.0007705744643352608,-400.59877649510474,0.5304490611836938,0.5068493150684932,0.5068493150684932,0.0,0.5022522522522522,437.0,146.0,0.5532467532467532,0.5532467532467532,0.0,0.485697128507479,385.0
NVDA,FB_net,next_day,logit_level_plus_trend5,578,0.5501730103806228,0.5501730103806228,0.0,0.001148552770587341,-397.26732515238086,0.5338776003870344,0.503448275862069,0.503448275862069,0.0,0.505517503805175,433.0,145.0,0.55,0.55,0.0,0.4918436441982148,380.0
NVDA,FB_net,next_day,logit_level_plus_trend10,573,0.5497382198952879,0.5497382198952879,0.0,0.0013314790638307983,-393.80851466644754,0.5283868586194167,0.5069444444444444,0.5069444444444444,0.0,0.4844684545629944,429.0,144.0,0.544,0.544,0.0,0.48463478958835005,375.0
NVDA,FB_net,next_day,logit_level_plus_trend15,568,0.5440140845070423,0.545774647887324,-0.0017605633802817433,0.0009606736564048424,-390.9480460765236,0.5333333333333333,0.5070422535211268,0.5070422535211268,0.0,0.493452380952381,426.0,142.0,0.5405405405405406,0.5405405405405406,0.0,0.4754999999999999,370.0
NVDA,NRC_net,fwd_5d,logit_level_lag1,583,0.6089193825042881,0.6089193825042881,0.0,0.0006561393900500478,-389.9045113313254,0.5093773165307636,0.5068493150684932,0.5068493150684932,0.0,0.47475600600600604,437.0,146.0,0.5948051948051948,0.5948051948051948,0.0,0.5342066957787482,385.0
NVDA,NRC_net,fwd_5d,logit_level_plus_trend5,578,0.6072664359861591,0.6055363321799307,0.0017301038062284002,0.00572468478665078,-385.4470213600255,0.5434210526315789,0.503448275862069,0.503448275862069,0.0,0.5224505327245053,433.0,145.0,0.5894736842105263,0.5894736842105263,0.0,0.5544013278388278,380.0
NVDA,NRC_net,fwd_5d,logit_level_plus_trend10,573,0.6020942408376964,0.6020942408376964,0.0,0.0012701892834601214,-384.654682769213,0.5214340198321892,0.5,0.5,0.0,0.47164351851851855,429.0,144.0,0.584,0.584,0.0,0.5192014986535535,375.0
NVDA,NRC_net,fwd_5d,logit_level_plus_trend15,568,0.5985915492957746,0.5985915492957746,0.0,0.001728104228739591,-381.93149250657154,0.5281475748194014,0.49295774647887325,0.5070422535211268,-0.014084507042253502,0.4851190476190476,426.0,142.0,0.5783783783783784,0.581081081081081,-0.002702702702702675,0.5249812453113278,370.0
NVDA,HF_net_4,fwd_5d,logit_level_lag1,583,0.6054888507718696,0.6089193825042881,-0.0034305317324184736,0.009952596109058742,-386.27740102724493,0.5584754138868298,0.5068493150684932,0.5068493150684932,0.0,0.5469219219219219,437.0,146.0,0.5948051948051948,0.5948051948051948,0.0,0.5487067517635202,385.0
NVDA,HF_net_4,fwd_5d,logit_level_plus_trend5,578,0.6038062283737025,0.6055363321799307,-0.0017301038062282892,0.009029560081177945,-384.16583262009533,0.5532957393483711,0.503448275862069,0.503448275862069,0.0,0.5334855403348554,433.0,145.0,0.5921052631578947,0.5894736842105263,0.0026315789473684292,0.5283882783882784,380.0
NVDA,HF_net_4,fwd_5d,logit_level_plus_trend10,573,0.5986038394415357,0.6020942408376964,-0.003490401396160636,0.010432762311124999,-381.12577376550803,0.5559369438087973,0.5,0.5,0.0,0.5580632716049383,429.0,144.0,0.5866666666666667,0.584,0.002666666666666706,0.5428813956211216,375.0
NVDA,HF_net_4,fwd_5d,logit_level_plus_trend15,568,0.6003521126760564,0.5985915492957746,0.0017605633802817433,0.00876932690310317,-379.23757244683367,0.5501031991744065,0.49295774647887325,0.5070422535211268,-0.014084507042253502,0.5444444444444445,426.0,142.0,0.5837837837837838,0.581081081081081,0.002702702702702786,0.53728432108027,370.0
NVDA,FB_net,fwd_5d,logit_level_lag1,583,0.6106346483704974,0.6089193825042881,0.0017152658662092923,0.0017885127029340087,-389.46270398091536,0.552248579194465,0.5068493150684932,0.5068493150684932,0.0,0.5555555555555556,437.0,146.0,0.5948051948051948,0.5948051948051948,0.0,0.5427723659164707,385.0
NVDA,FB_net,fwd_5d,logit_level_plus_trend5,578,0.6072664359861591,0.6055363321799307,0.0017301038062284002,0.0017878737418284274,-386.97319028694733,0.5518922305764411,0.503448275862069,0.503448275862069,0.0,0.5386225266362252,433.0,145.0,0.5894736842105263,0.5894736842105263,0.0,0.5362007783882784,380.0
NVDA,FB_net,fwd_5d,logit_level_plus_trend10,573,0.6038394415357766,0.6020942408376964,0.0017452006980802626,0.004793703709430552,-383.29762272233006,0.5540172896008136,0.5,0.5,0.0,0.5516975308641975,429.0,144.0,0.584,0.584,0.0,0.5528626624517036,375.0
NVDA,FB_net,fwd_5d,logit_level_plus_trend15,568,0.6003521126760564,0.5985915492957746,0.0017605633802817433,0.0017432759325346492,-381.9256879241739,0.5488906088751291,0.49295774647887325,0.5070422535211268,-0.014084507042253502,0.5438492063492064,426.0,142.0,0.581081081081081,0.581081081081081,0.0,0.5222805701425357,370.0
NVDA,NRC_net,fwd_10d,logit_level_lag1,583,0.6535162950257289,0.6535162950257289,0.0,0.0005546767909946348,-375.967836536793,0.5187235258958967,0.5068493150684932,0.5068493150684932,0.0,0.4956831831831832,437.0,146.0,0.625974025974026,0.625974025974026,0.0,0.5623271092669433,385.0
NVDA,NRC_net,fwd_10d,logit_level_plus_trend5,578,0.6522491349480969,0.6505190311418685,0.0017301038062284002,0.005566352584211565,-371.95607534530524,0.5506504107857595,0.503448275862069,0.503448275862069,0.0,0.525875190258752,433.0,145.0,0.6210526315789474,0.6210526315789474,0.0,0.543255649717514,380.0
NVDA,NRC_net,fwd_10d,logit_level_plus_trend10,573,0.6474694589877836,0.6474694589877836,0.0,0.001426016666817298,-371.3461735236183,0.5363214218996024,0.5,0.5,0.0,0.44328703703703703,429.0,144.0,0.616,0.616,0.0,0.5448232323232323,375.0
NVDA,NRC_net,fwd_10d,logit_level_plus_trend15,568,0.6443661971830986,0.6443661971830986,0.0,0.0026595207018579314,-368.7078898297314,0.5358572742520153,0.49295774647887325,0.5070422535211268,-0.014084507042253502,0.5249999999999999,426.0,142.0,0.6216216216216216,0.6216216216216216,0.0,0.5316459627329193,370.0
NVDA,HF_net_4,fwd_10d,logit_level_lag1,583,0.6552315608919382,0.6535162950257289,0.0017152658662092923,0.007761194888706746,-373.2569138327268,0.5500376809334476,0.5068493150684932,0.5068493150684932,0.0,0.545045045045045,437.0,146.0,0.625974025974026,0.625974025974026,0.0,0.5901913324112494,385.0
NVDA,HF_net_4,fwd_10d,logit_level_plus_trend5,578,0.6522491349480969,0.6505190311418685,0.0017301038062284002,0.00730056741519669,-371.3074129191945,0.5497551084895723,0.503448275862069,0.503448275862069,0.0,0.5652587519025876,433.0,145.0,0.6210526315789474,0.6210526315789474,0.0,0.5756826741996234,380.0
NVDA,HF_net_4,fwd_10d,logit_level_plus_trend10,573,0.6492146596858639,0.6474694589877836,0.0017452006980802626,0.00722718881883766,-369.18885406951654,0.5482639908195671,0.5,0.5,0.0,0.554591049382716,429.0,144.0,0.616,0.616,0.0,0.5779521404521405,375.0
NVDA,HF_net_4,fwd_10d,logit_level_plus_trend15,568,0.6514084507042254,0.6443661971830986,0.007042253521126751,0.00928876754045016,-366.25711633386584,0.5566331223286263,0.49295774647887325,0.5070422535211268,-0.014084507042253502,0.5367063492063493,426.0,142.0,0.6216216216216216,0.6216216216216216,0.0,0.5749068322981365,370.0
NVDA,FB_net,fwd_10d,logit_level_lag1,583,0.6535162950257289,0.6535162950257289,0.0,0.0012424351579496395,-375.7091180063446,0.5328083989501312,0.5068493150684932,0.5068493150684932,0.0,0.49455705705705705,437.0,146.0,0.625974025974026,0.625974025974026,0.0,0.5712597971415398,385.0
NVDA,FB_net,fwd_10d,logit_level_plus_trend5,578,0.6505190311418685,0.6505190311418685,0.0,0.0031868744700495055,-372.8460908259899,0.5381425110596165,0.503448275862069,0.503448275862069,0.0,0.5490867579908676,433.0,145.0,0.6210526315789474,0.6210526315789474,0.0,0.5700623822975518,380.0
NVDA,FB_net,fwd_10d,logit_level_plus_trend10,573,0.6474694589877836,0.6474694589877836,0.0,0.0027802463915199693,-370.8425673464759,0.5481972725574444,0.5,0.5,0.0,0.5086805555555556,429.0,144.0,0.616,0.616,0.0,0.5608766233766234,375.0
NVDA,FB_net,fwd_10d,logit_level_plus_trend15,568,0.6443661971830986,0.6443661971830986,0.0,0.0023776910709707444,-368.81207973343317,0.5337742790672511,0.49295774647887325,0.5070422535211268,-0.014084507042253502,0.49801587301587297,426.0,142.0,0.6216216216216216,0.6216216216216216,0.0,0.5503726708074534,370.0
NVDA,NRC_net,fwd_15d,logit_level_lag1,583,0.6655231560891939,0.6655231560891939,0.0,0.0010286349082456736,-371.16595655978335,0.49573090140100445,0.4520547945205479,0.547945205479452,-0.0958904109589041,0.4692234848484849,437.0,146.0,0.625974025974026,0.625974025974026,0.0,0.6085465652374366,385.0
NVDA,NRC_net,fwd_15d,logit_level_plus_trend5,578,0.6626297577854672,0.6626297577854672,0.0,0.0013698456443972384,-368.99522150599637,0.49897569793131147,0.4482758620689655,0.5517241379310345,-0.10344827586206895,0.4671153846153846,433.0,145.0,0.6210526315789474,0.6210526315789474,0.0,0.5942796610169492,380.0
NVDA,NRC_net,fwd_15d,logit_level_plus_trend10,573,0.6596858638743456,0.6596858638743456,0.0,0.001971307551090984,-366.7082731875206,0.5158594491927826,0.4513888888888889,0.5486111111111112,-0.09722222222222227,0.4640701071080818,429.0,144.0,0.616,0.616,0.0,0.5837241462241463,375.0
NVDA,NRC_net,fwd_15d,logit_level_plus_trend15,568,0.6566901408450704,0.6566901408450704,0.0,0.0027004225436927376,-364.3547255172267,0.5150202790953461,0.4507042253521127,0.5492957746478874,-0.09859154929577468,0.4963942307692307,426.0,142.0,0.6243243243243243,0.6243243243243243,0.0,0.5636114485035348,370.0
NVDA,HF_net_4,fwd_15d,logit_level_lag1,583,0.6638078902229846,0.6655231560891939,-0.0017152658662092923,0.00322977935661084,-370.3481254254258,0.5520354216230505,0.4520547945205479,0.547945205479452,-0.0958904109589041,0.47310606060606064,437.0,146.0,0.625974025974026,0.625974025974026,0.0,0.6366413093591516,385.0
NVDA,HF_net_4,fwd_15d,logit_level_plus_trend5,578,0.6608996539792388,0.6626297577854672,-0.0017301038062284002,0.0028515674246956113,-368.4477232613792,0.549481154180893,0.4482758620689655,0.5517241379310345,-0.10344827586206895,0.5046153846153847,433.0,145.0,0.6210526315789474,0.6210526315789474,0.0,0.6304143126177024,380.0
NVDA,HF_net_4,fwd_15d,logit_level_plus_trend10,573,0.6561954624781849,0.6596858638743456,-0.003490401396160636,0.004003823303747933,-365.9614606484398,0.559367792701126,0.4513888888888889,0.5486111111111112,-0.09722222222222227,0.46660175267770204,429.0,144.0,0.616,0.616,0.0,0.6231361231361231,375.0
NVDA,HF_net_4,fwd_15d,logit_level_plus_trend15,568,0.6549295774647887,0.6566901408450704,-0.0017605633802816323,0.008879345482653789,-362.09730976943365,0.5694095002405994,0.4507042253521127,0.5492957746478874,-0.09859154929577468,0.5046073717948718,426.0,142.0,0.6243243243243243,0.6243243243243243,0.0,0.6216948519106793,370.0
NVDA,FB_net,fwd_15d,logit_level_lag1,583,0.6655231560891939,0.6655231560891939,0.0,0.00024345486723220677,-371.4576887466891,0.4977266719534761,0.4520547945205479,0.547945205479452,-0.0958904109589041,0.39791666666666664,437.0,146.0,0.625974025974026,0.625974025974026,0.0,0.626210235131397,385.0
NVDA,FB_net,fwd_15d,logit_level_plus_trend5,578,0.6626297577854672,0.6626297577854672,0.0,0.0036678579399429534,-368.1461027884011,0.5509138381201044,0.4482758620689655,0.5517241379310345,-0.10344827586206895,0.469423076923077,433.0,145.0,0.6210526315789474,0.6210526315789474,0.0,0.6232050376647834,380.0
NVDA,FB_net,fwd_15d,logit_level_plus_trend10,573,0.6596858638743456,0.6596858638743456,0.0,0.0026421610161614373,-366.46177975742273,0.5402523402523403,0.4513888888888889,0.5486111111111112,-0.09722222222222227,0.43972736124634854,429.0,144.0,0.616,0.616,0.0,0.6053391053391053,375.0
NVDA,FB_net,fwd_15d,logit_level_plus_trend15,568,0.6566901408450704,0.6566901408450704,0.0,0.001524753751310337,-364.7842458838554,0.5152540042620471,0.4507042253521127,0.5492957746478874,-0.09859154929577468,0.4597355769230769,426.0,142.0,0.6243243243243243,0.6243243243243243,0.0,0.6241552212775235,370.0
AMD,NRC_net,next_day,logit_level_lag1,588,0.5170068027210885,0.5051020408163265,0.011904761904761973,0.0038990519752547526,-405.9509100863895,0.5297418630751964,0.4897959183673469,0.5306122448979592,-0.04081632653061229,0.5114269788182833,441.0,147.0,0.5180412371134021,0.5051546391752577,0.012886597938144395,0.5253241921768708,388.0
AMD,NRC_net,next_day,logit_level_plus_trend5,583,0.5214408233276158,0.5025728987993139,0.018867924528301883,0.005731228841138414,-401.7811146846685,0.537495586677651,0.4931506849315068,0.5273972602739726,-0.03424657534246578,0.5111048371917937,437.0,146.0,0.5143603133159269,0.5039164490861618,0.010443864229765065,0.5190891737114808,383.0
AMD,NRC_net,next_day,logit_level_plus_trend10,578,0.5207612456747405,0.5017301038062284,0.01903114186851207,0.004207200440278447,-398.95005585465265,0.5284243295019158,0.4482758620689655,0.5241379310344828,-0.07586206896551728,0.48627002288329524,433.0,145.0,0.5079365079365079,0.5052910052910053,0.002645502645502562,0.5119690903491335,378.0
AMD,NRC_net,next_day,logit_level_plus_trend15,573,0.5148342059336823,0.5008726003490401,0.013961605584642212,0.005004173651845689,-395.1849418977391,0.5352391510928096,0.4861111111111111,0.5277777777777778,-0.041666666666666685,0.4958397832817338,429.0,144.0,0.5093833780160858,0.5067024128686327,0.002680965147453085,0.5245859213250518,373.0
AMD,HF_net_4,next_day,logit_level_lag1,588,0.5136054421768708,0.5051020408163265,0.008503401360544283,0.00026203139269098674,-407.4331411980278,0.501417381142467,0.48299319727891155,0.5306122448979592,-0.04761904761904767,0.4598662207357859,441.0,147.0,0.46649484536082475,0.5051546391752577,-0.03865979381443296,0.47116815476190477,388.0
AMD,HF_net_4,next_day,logit_level_plus_trend5,583,0.5454545454545454,0.5025728987993139,0.04288164665523153,0.009856025774232613,-400.11429625719757,0.567141344003766,0.5136986301369864,0.5273972602739726,-0.013698630136986245,0.5287031808770939,437.0,146.0,0.47780678851174935,0.5039164490861618,-0.026109660574412497,0.5051813471502591,383.0
AMD,HF_net_4,next_day,logit_level_plus_trend10,578,0.5346020761245674,0.5017301038062284,0.03287197231833905,0.0045762865500026395,-398.802186815878,0.5487907088122606,0.4827586206896552,0.5241379310344828,-0.04137931034482761,0.4927536231884058,433.0,145.0,0.4973544973544973,0.5052910052910053,-0.00793650793650802,0.49500237981913375,378.0
AMD,HF_net_4,next_day,logit_level_plus_trend15,573,0.5113438045375218,0.5008726003490401,0.010471204188481686,0.0015411312044240066,-396.5603669921303,0.5322360566263006,0.4791666666666667,0.5277777777777778,-0.048611111111111105,0.46110681114551083,429.0,144.0,0.4691689008042895,0.5067024128686327,-0.03753351206434319,0.46828272371750634,373.0
AMD,FB_net,next_day,logit_level_lag1,588,0.5221088435374149,0.5051020408163265,0.017006802721088454,0.0008241736019899415,-407.20404580170737,0.5226376016754024,0.47619047619047616,0.5306122448979592,-0.054421768707483054,0.5258268301746564,441.0,147.0,0.4845360824742268,0.5051546391752577,-0.02061855670103091,0.4769610969387756,388.0
AMD,FB_net,next_day,logit_level_plus_trend5,583,0.5283018867924528,0.5025728987993139,0.02572898799313894,0.004863623465321099,-402.1317114901942,0.5448158173472991,0.4589041095890411,0.5273972602739726,-0.0684931506849315,0.4641445511010729,437.0,146.0,0.4699738903394256,0.5039164490861618,-0.03394255874673624,0.4667030269975456,383.0
AMD,FB_net,next_day,logit_level_plus_trend10,578,0.527681660899654,0.5017301038062284,0.02595155709342556,0.0022890603705281176,-399.7185310718889,0.5303520114942528,0.47586206896551725,0.5241379310344828,-0.04827586206896556,0.513157894736842,433.0,145.0,0.48677248677248675,0.5052910052910053,-0.0185185185185186,0.47274407145056974,378.0
AMD,FB_net,next_day,logit_level_plus_trend15,573,0.5008726003490401,0.5008726003490401,0.0,0.0006123068331500559,-396.92927045431094,0.5158134548378451,0.5,0.5277777777777778,-0.02777777777777779,0.539860681114551,429.0,144.0,0.46648793565683644,0.5067024128686327,-0.04021447721179627,0.46273291925465837,373.0
AMD,NRC_net,fwd_5d,logit_level_lag1,588,0.5544217687074829,0.532312925170068,0.022108843537414935,0.0019394232713507709,-405.55372613606573,0.5170374673250073,0.4217687074829932,0.5782312925170068,-0.15646258503401356,0.5386148007590132,441.0,147.0,0.5360824742268041,0.5231958762886598,0.012886597938144284,0.5223805085874051,388.0
AMD,NRC_net,fwd_5d,logit_level_plus_trend5,583,0.5540308747855918,0.5283018867924528,0.02572898799313894,0.002425054913500535,-402.19263442193414,0.522443919716647,0.4315068493150685,0.5753424657534246,-0.14383561643835613,0.5372503840245776,437.0,146.0,0.5352480417754569,0.5221932114882507,0.01305483028720622,0.5083879781420765,383.0
AMD,NRC_net,fwd_5d,logit_level_plus_trend10,578,0.5484429065743944,0.527681660899654,0.02076124567474047,0.0033210163864817455,-398.42521858299983,0.5319341860325467,0.42758620689655175,0.5724137931034483,-0.14482758620689656,0.5548970073843762,433.0,145.0,0.5370370370370371,0.5158730158730159,0.021164021164021163,0.5202466022138152,378.0
AMD,NRC_net,fwd_5d,logit_level_plus_trend15,573,0.5340314136125655,0.525305410122164,0.008726003490401424,0.0024322391449250746,-395.4749291037874,0.5220649306234122,0.4513888888888889,0.5694444444444444,-0.11805555555555552,0.5413060582218726,429.0,144.0,0.5227882037533512,0.5093833780160858,0.013404825737265424,0.5132873166522864,373.0
AMD,HF_net_4,fwd_5d,logit_level_lag1,588,0.532312925170068,0.532312925170068,0.0,8.623915521188685e-05,-406.3067522960406,0.5132500726110949,0.4217687074829932,0.5782312925170068,-0.15646258503401356,0.5172675521821632,441.0,147.0,0.5231958762886598,0.5231958762886598,0.0,0.5223272533617362,388.0
AMD,HF_net_4,fwd_5d,logit_level_plus_trend5,583,0.5265866209262435,0.5283018867924528,-0.0017152658662092923,0.00262420858053658,-402.11234156935745,0.5337190082644627,0.4246575342465753,0.5753424657534246,-0.1506849315068493,0.5602918586789554,437.0,146.0,0.5169712793733682,0.5221932114882507,-0.005221932114882533,0.5153551912568306,383.0
AMD,HF_net_4,fwd_5d,logit_level_plus_trend10,578,0.527681660899654,0.527681660899654,0.0,2.4648808343519235e-05,-399.74295076602226,0.4999459556836606,0.42758620689655175,0.5724137931034483,-0.14482758620689656,0.47298872910998835,433.0,145.0,0.5158730158730159,0.5158730158730159,0.0,0.5173882583718649,378.0
AMD,HF_net_4,fwd_5d,logit_level_plus_trend15,573,0.5305410122164049,0.525305410122164,0.005235602094240899,0.0004817569732079585,-396.2481766252559,0.5129592534688294,0.4305555555555556,0.5694444444444444,-0.13888888888888884,0.536978756884343,429.0,144.0,0.5093833780160858,0.5093833780160858,0.0,0.5160195570894449,373.0
AMD,FB_net,fwd_5d,logit_level_lag1,588,0.5476190476190477,0.532312925170068,0.015306122448979664,0.0015729127253879538,-405.70265468915073,0.5081614870752251,0.4217687074829932,0.5782312925170068,-0.15646258503401356,0.496584440227704,441.0,147.0,0.5257731958762887,0.5231958762886598,0.002577319587628857,0.5286379976035148,388.0
AMD,FB_net,fwd_5d,logit_level_plus_trend5,583,0.5454545454545454,0.5283018867924528,0.01715265866209259,0.00560870095068533,-400.90908275188764,0.5414757969303424,0.4246575342465753,0.5753424657534246,-0.1506849315068493,0.490015360983103,437.0,146.0,0.5248041775456919,0.5221932114882507,0.0026109660574411553,0.527568306010929,383.0
AMD,FB_net,fwd_5d,logit_level_plus_trend10,578,0.5432525951557093,0.527681660899654,0.01557093425605538,0.002409236314252605,-398.7897052236837,0.5216117216117216,0.42758620689655175,0.5724137931034483,-0.14482758620689656,0.5013602798289933,433.0,145.0,0.5105820105820106,0.5158730158730159,-0.005291005291005346,0.5014712063892393,378.0
AMD,FB_net,fwd_5d,logit_level_plus_trend15,573,0.5305410122164049,0.525305410122164,0.005235602094240899,0.0016616012211576603,-395.7804401579993,0.5176006449091265,0.4305555555555556,0.5694444444444444,-0.13888888888888884,0.5106215578284814,429.0,144.0,0.514745308310992,0.5093833780160858,0.00536193029490617,0.5144664941041127,373.0
AMD,NRC_net,fwd_10d,logit_level_lag1,588,0.5204081632653061,0.5153061224489796,0.005102040816326592,9.030794963549305e-05,-407.25820694612605,0.5004516241097794,0.3401360544217687,0.6598639455782312,-0.31972789115646255,0.5244329896907216,441.0,147.0,0.4793814432989691,0.5103092783505154,-0.030927835051546337,0.5628123338649654,388.0
AMD,NRC_net,fwd_10d,logit_level_plus_trend5,583,0.5094339622641509,0.5111492281303602,-0.0017152658662092923,0.0005229232706048803,-403.7486143101397,0.5200341457671024,0.3424657534246575,0.6575342465753424,-0.3150684931506849,0.5363541666666667,437.0,146.0,0.4804177545691906,0.5169712793733682,-0.03655352480417756,0.5530712530712532,383.0
AMD,NRC_net,fwd_10d,logit_level_plus_trend10,578,0.5224913494809689,0.5069204152249135,0.01557093425605538,0.00020452556222860796,-400.50177566772425,0.509717980959224,0.3448275862068966,0.6551724137931034,-0.31034482758620685,0.48252631578947375,433.0,145.0,0.47619047619047616,0.5238095238095238,-0.04761904761904767,0.5460998877665545,378.0
AMD,NRC_net,fwd_10d,logit_level_plus_trend15,573,0.5078534031413613,0.5026178010471204,0.005235602094240899,0.001494515022893994,-396.5719113027735,0.5227034600389864,0.3472222222222222,0.6527777777777778,-0.3055555555555556,0.419468085106383,429.0,144.0,0.48257372654155495,0.5308310991957105,-0.04825737265415553,0.5389610389610389,373.0
AMD,HF_net_4,fwd_10d,logit_level_lag1,588,0.5255102040816326,0.5153061224489796,0.010204081632653073,0.0008769780195314603,-406.9378001687229,0.5299635226680562,0.3401360544217687,0.6598639455782312,-0.31972789115646255,0.4643298969072165,441.0,147.0,0.48195876288659795,0.5103092783505154,-0.02835051546391748,0.5735247208931419,388.0
AMD,HF_net_4,fwd_10d,logit_level_plus_trend5,583,0.5283018867924528,0.5111492281303602,0.01715265866209259,0.0005713400189285567,-403.7290558875403,0.5259272341928647,0.3424657534246575,0.6575342465753424,-0.3150684931506849,0.4833333333333333,437.0,146.0,0.47780678851174935,0.5169712793733682,-0.03916449086161883,0.5662571662571663,383.0
AMD,HF_net_4,fwd_10d,logit_level_plus_trend10,578,0.5190311418685121,0.5069204152249135,0.01211072664359858,0.004159565896653339,-398.9174509560473,0.5403029758697084,0.3448275862068966,0.6551724137931034,-0.31034482758620685,0.5827368421052632,433.0,145.0,0.4708994708994709,0.5238095238095238,-0.05291005291005296,0.5659371492704827,378.0
AMD,HF_net_4,fwd_10d,logit_level_plus_trend15,573,0.5218150087260035,0.5026178010471204,0.01919720767888311,0.0020061769008725694,-396.36869686685543,0.5324805068226122,0.3472222222222222,0.6527777777777778,-0.3055555555555556,0.39085106382978724,429.0,144.0,0.4772117962466488,0.5308310991957105,-0.0536193029490617,0.5591053391053391,373.0
AMD,FB_net,fwd_10d,logit_level_lag1,588,0.5544217687074829,0.5153061224489796,0.03911564625850339,0.011606461368442456,-402.56773536699507,0.5657923687105553,0.3673469387755102,0.6598639455782312,-0.292517006802721,0.516701030927835,441.0,147.0,0.5128865979381443,0.5103092783505154,0.002577319587628857,0.5909622541201488,388.0
AMD,FB_net,fwd_10d,logit_level_plus_trend5,583,0.5557461406518011,0.5111492281303602,0.044596912521440824,0.020428526308554074,-395.7075498068108,0.5868479924643824,0.3698630136986301,0.6575342465753424,-0.2876712328767123,0.5149999999999999,437.0,146.0,0.5195822454308094,0.5169712793733682,0.0026109660574412663,0.5899262899262898,383.0
AMD,FB_net,fwd_10d,logit_level_plus_trend10,578,0.5484429065743944,0.5069204152249135,0.04152249134948094,0.01092025747382841,-396.2092280738392,0.5644212921381954,0.3931034482758621,0.6551724137931034,-0.26206896551724135,0.5292631578947369,433.0,145.0,0.5343915343915344,0.5238095238095238,0.010582010582010581,0.5730359147025814,378.0
AMD,FB_net,fwd_10d,logit_level_plus_trend15,573,0.5445026178010471,0.5026178010471204,0.041884816753926746,0.010234856076242305,-393.10054954350994,0.5605872319688109,0.3819444444444444,0.6527777777777778,-0.27083333333333337,0.4976595744680851,429.0,144.0,0.5281501340482574,0.5308310991957105,-0.002680965147453085,0.5816450216450216,373.0
AMD,NRC_net,fwd_15d,logit_level_lag1,588,0.5204081632653061,0.5119047619047619,0.008503401360544283,0.0001177834613844686,-407.3558743158695,0.4978642619838633,0.3197278911564626,0.6802721088435374,-0.3605442176870748,0.49308510638297876,441.0,147.0,0.49742268041237114,0.5025773195876289,-0.005154639175257714,0.5690182011425535,388.0
AMD,NRC_net,fwd_15d,logit_level_plus_trend5,583,0.5248713550600344,0.5077186963979416,0.0171526586620927,0.0003063114479636697,-403.9115745912032,0.5083517751200679,0.3219178082191781,0.678082191780822,-0.35616438356164387,0.5035460992907801,437.0,146.0,0.4856396866840731,0.5091383812010444,-0.023498694516971286,0.560720130932897,383.0
AMD,NRC_net,fwd_15d,logit_level_plus_trend10,578,0.5069204152249135,0.5034602076124568,0.0034602076124566894,0.0003684704683155626,-400.4776109156867,0.5101416478082307,0.32413793103448274,0.6758620689655173,-0.3517241379310345,0.422818063395571,433.0,145.0,0.47619047619047616,0.5158730158730159,-0.039682539682539764,0.5605716687683902,378.0
AMD,NRC_net,fwd_15d,logit_level_plus_trend15,573,0.49214659685863876,0.5008726003490401,-0.008726003490401368,0.0001594141500916857,-397.1091469562026,0.49763041836212574,0.3402777777777778,0.6736111111111112,-0.33333333333333337,0.41500329019521826,429.0,144.0,0.46112600536193027,0.5227882037533512,-0.06166219839142095,0.5282051282051282,373.0
AMD,HF_net_4,fwd_15d,logit_level_lag1,588,0.532312925170068,0.5119047619047619,0.020408163265306145,0.00035941493303337513,-407.25743272168205,0.5189438225658953,0.3197278911564626,0.6802721088435374,-0.3605442176870748,0.5046808510638299,441.0,147.0,0.4793814432989691,0.5025773195876289,-0.023195876288659767,0.5756343828882688,388.0
AMD,HF_net_4,fwd_15d,logit_level_plus_trend5,583,0.5334476843910806,0.5077186963979416,0.02572898799313894,0.0004543298372325921,-403.8517699316733,0.5184221678124117,0.3219178082191781,0.678082191780822,-0.35616438356164387,0.5009671179883946,437.0,146.0,0.46475195822454307,0.5091383812010444,-0.044386422976501305,0.5698308783415166,383.0
AMD,HF_net_4,fwd_15d,logit_level_plus_trend10,578,0.5242214532871973,0.5034602076124568,0.02076124567474047,0.0022621671911968733,-399.71894823151376,0.530634481602548,0.32413793103448274,0.6758620689655173,-0.3517241379310345,0.521927920104212,433.0,145.0,0.48677248677248675,0.5158730158730159,-0.029100529100529182,0.5736303769090654,378.0
AMD,HF_net_4,fwd_15d,logit_level_plus_trend15,573,0.5148342059336823,0.5008726003490401,0.013961605584642212,0.001301763953566737,-396.65543707244353,0.5249262932189762,0.3263888888888889,0.6736111111111112,-0.34722222222222227,0.5139284930905901,429.0,144.0,0.5040214477211796,0.5227882037533512,-0.018766756032171594,0.5732929991356958,373.0
AMD,FB_net,fwd_15d,logit_level_lag1,588,0.5476190476190477,0.5119047619047619,0.03571428571428581,0.01439926088634913,-401.53754528996853,0.5700278977160915,0.3469387755102041,0.6802721088435374,-0.3333333333333333,0.5191489361702127,441.0,147.0,0.5309278350515464,0.5025773195876289,0.028350515463917536,0.604437358841504,388.0
AMD,FB_net,fwd_15d,logit_level_plus_trend5,583,0.5557461406518011,0.5077186963979416,0.04802744425385941,0.016506692094818587,-397.3660483655393,0.5772318485733119,0.363013698630137,0.678082191780822,-0.31506849315068497,0.5119277885235332,437.0,146.0,0.5300261096605744,0.5091383812010444,0.02088772845953002,0.5962084015275504,383.0
AMD,FB_net,fwd_15d,logit_level_plus_trend10,578,0.5553633217993079,0.5034602076124568,0.05190311418685112,0.0156297588567611,-394.3635537528806,0.5769124848833173,0.4206896551724138,0.6758620689655173,-0.25517241379310346,0.5366912722535823,433.0,145.0,0.5555555555555556,0.5158730158730159,0.03968253968253965,0.6041754238475551,378.0
AMD,FB_net,fwd_15d,logit_level_plus_trend15,573,0.5427574171029669,0.5008726003490401,0.041884816753926746,0.013585364487248008,-391.77672920789485,0.5644842961916132,0.3888888888888889,0.6736111111111112,-0.28472222222222227,0.5303794691818382,429.0,144.0,0.5361930294906166,0.5227882037533512,0.013404825737265424,0.6006050129645635,373.0
INTC,NRC_net,next_day,logit_level_lag1,589,0.5297113752122241,0.5042444821731749,0.025466893039049254,0.00030827104212782785,-408.1166173879385,0.5208881047922144,0.42567567567567566,0.5743243243243243,-0.14864864864864868,0.5197012138188608,441.0,148.0,0.5012853470437018,0.5115681233933161,-0.010282776349614386,0.5120867495371595,389.0
INTC,NRC_net,next_day,logit_level_plus_trend5,584,0.5136986301369864,0.5017123287671232,0.011986301369863117,0.00037043554797677736,-404.6445785477324,0.520331210489896,0.4315068493150685,0.5753424657534246,-0.14383561643835613,0.48953533026113666,438.0,146.0,0.4869791666666667,0.5130208333333334,-0.026041666666666685,0.49697331632237574,384.0
INTC,NRC_net,next_day,logit_level_plus_trend10,579,0.5233160621761658,0.5043177892918825,0.01899827288428324,0.0003863376739122737,-401.1555869484592,0.5223736337167677,0.4068965517241379,0.5724137931034483,-0.1655172413793104,0.46735328410415855,434.0,145.0,0.47493403693931396,0.5171503957783641,-0.04221635883905012,0.5028716404594624,379.0
INTC,NRC_net,next_day,logit_level_plus_trend15,574,0.5296167247386759,0.5034843205574913,0.026132404181184676,0.002860651549445592,-396.71442674922355,0.5440842590906332,0.4861111111111111,0.5694444444444444,-0.08333333333333331,0.5412077104642014,430.0,144.0,0.5240641711229946,0.516042780748663,0.008021390374331583,0.5463601751925113,374.0
INTC,HF_net_4,next_day,logit_level_lag1,589,0.5042444821731749,0.5042444821731749,0.0,4.303177389974877e-07,-408.24229104461944,0.5077256584105899,0.42567567567567566,0.5743243243243243,-0.14864864864864868,0.46834733893557423,441.0,148.0,0.48586118251928023,0.5115681233933161,-0.02570694087403591,0.5256281407035176,389.0
INTC,HF_net_4,next_day,logit_level_plus_trend5,584,0.4863013698630137,0.5017123287671232,-0.01541095890410954,8.578021457039675e-06,-404.79105649468386,0.4911626379555024,0.4315068493150685,0.5753424657534246,-0.14383561643835613,0.4633256528417818,438.0,146.0,0.4791666666666667,0.5130208333333334,-0.033854166666666685,0.5122017427183149,384.0
INTC,HF_net_4,next_day,logit_level_plus_trend10,579,0.5060449050086355,0.5043177892918825,0.0017271157167529916,0.0004146297381176778,-401.14423304239523,0.5108706028351869,0.4206896551724138,0.5724137931034483,-0.1517241379310345,0.4275165176836378,434.0,145.0,0.47493403693931396,0.5171503957783641,-0.04221635883905012,0.5045723207315713,379.0
INTC,HF_net_4,next_day,logit_level_plus_trend15,574,0.519163763066202,0.5034843205574913,0.015679442508710784,0.0003248653324894324,-397.72329574730446,0.5189825775511443,0.4305555555555556,0.5694444444444444,-0.13888888888888884,0.5092446892210858,430.0,144.0,0.4839572192513369,0.516042780748663,-0.032085561497326165,0.5248618784530388,374.0
INTC,FB_net,next_day,logit_level_lag1,589,0.47877758913412566,0.5042444821731749,-0.0254668930390492,0.00037529601796471024,-408.0892549464711,0.5023119321064526,0.43243243243243246,0.5743243243243243,-0.14189189189189189,0.5243697478991597,441.0,148.0,0.4781491002570694,0.5115681233933161,-0.03341902313624673,0.5037820682359164,389.0
INTC,FB_net,next_day,logit_level_plus_trend5,584,0.5205479452054794,0.5017123287671232,0.018835616438356184,0.007009460692231295,-401.9571374925678,0.5457232328208015,0.3835616438356164,0.5753424657534246,-0.1917808219178082,0.4679339477726574,438.0,146.0,0.4921875,0.5130208333333334,-0.02083333333333337,0.5323434403756888,384.0
INTC,FB_net,next_day,logit_level_plus_trend10,579,0.5146804835924007,0.5043177892918825,0.010362694300518172,0.0005077089389494693,-401.10687936982185,0.5147725645553911,0.42758620689655175,0.5724137931034483,-0.14482758620689656,0.489312087057909,434.0,145.0,0.48284960422163586,0.5171503957783641,-0.034300791556728216,0.5023419203747073,379.0
INTC,FB_net,next_day,logit_level_plus_trend15,574,0.5557491289198606,0.5034843205574913,0.05226480836236935,0.005793208818156592,-395.54770137871867,0.5579311600801311,0.4652777777777778,0.5694444444444444,-0.10416666666666663,0.5098347757671126,430.0,144.0,0.48663101604278075,0.516042780748663,-0.029411764705882304,0.5183923510720523,374.0
INTC,NRC_net,fwd_5d,logit_level_lag1,589,0.5466893039049237,0.5059422750424448,0.04074702886247883,0.0015964099590686232,-407.57040266142536,0.5474123019442331,0.40540540540540543,0.5945945945945946,-0.1891891891891892,0.596969696969697,441.0,148.0,0.5038560411311054,0.5347043701799485,-0.03084832904884316,0.5401349341266468,389.0
INTC,NRC_net,fwd_5d,logit_level_plus_trend5,584,0.5256849315068494,0.5085616438356164,0.017123287671232945,0.0035104043359118764,-403.2916288963287,0.5327432278651791,0.3904109589041096,0.589041095890411,-0.1986301369863014,0.36579457364341084,438.0,146.0,0.484375,0.5416666666666666,-0.05729166666666663,0.5314138986013985,384.0
INTC,NRC_net,fwd_5d,logit_level_plus_trend10,579,0.5474956822107081,0.5094991364421416,0.03799654576856648,0.001892234079822419,-400.46850398983975,0.5484065409405585,0.4206896551724138,0.5862068965517241,-0.1655172413793103,0.4808823529411764,434.0,145.0,0.47229551451187335,0.5488126649076517,-0.07651715039577833,0.5248538011695907,379.0
INTC,NRC_net,fwd_5d,logit_level_plus_trend15,574,0.5139372822299652,0.5069686411149826,0.006968641114982521,0.00603973420023407,-395.4080596321501,0.5558085315653346,0.5,0.5833333333333334,-0.08333333333333337,0.5116071428571428,430.0,144.0,0.516042780748663,0.5561497326203209,-0.0401069518716578,0.5346964782205746,374.0
INTC,HF_net_4,fwd_5d,logit_level_lag1,589,0.5059422750424448,0.5059422750424448,0.0,2.142886736278271e-06,-408.22121770165745,0.5100786457252243,0.41216216216216217,0.5945945945945946,-0.18243243243243246,0.4856060606060606,441.0,148.0,0.4730077120822622,0.5347043701799485,-0.06169665809768632,0.5308914152146196,389.0
INTC,HF_net_4,fwd_5d,logit_level_plus_trend5,584,0.5565068493150684,0.5085616438356164,0.047945205479452024,0.007981283322139321,-401.4822090320376,0.5670643719424208,0.5205479452054794,0.589041095890411,-0.06849315068493156,0.5077519379844961,438.0,146.0,0.5078125,0.5416666666666666,-0.03385416666666663,0.5537860576923077,384.0
INTC,HF_net_4,fwd_5d,logit_level_plus_trend10,579,0.5112262521588946,0.5094991364421416,0.0017271157167529916,0.0013300070145171317,-400.6940850738,0.5219622821675818,0.45517241379310347,0.5862068965517241,-0.13103448275862062,0.48372549019607847,434.0,145.0,0.46965699208443273,0.5488126649076517,-0.07915567282321895,0.5150978407557354,379.0
INTC,HF_net_4,fwd_5d,logit_level_plus_trend15,574,0.5296167247386759,0.5069686411149826,0.022648083623693305,0.002406948279704779,-396.85322085370024,0.536264616953845,0.4583333333333333,0.5833333333333334,-0.12500000000000006,0.47837301587301584,430.0,144.0,0.4572192513368984,0.5561497326203209,-0.09893048128342247,0.5148285449490269,374.0
INTC,FB_net,fwd_5d,logit_level_lag1,589,0.5042444821731749,0.5059422750424448,-0.001697792869269965,0.010647020261193907,-403.8757435857127,0.5449157037754561,0.5135135135135135,0.5945945945945946,-0.08108108108108114,0.5912878787878788,441.0,148.0,0.5372750642673522,0.5347043701799485,0.0025706940874036244,0.5825541861453463,389.0
INTC,FB_net,fwd_5d,logit_level_plus_trend5,584,0.5291095890410958,0.5085616438356164,0.020547945205479423,0.01398315441769371,-399.0531777796452,0.5619376107180986,0.5616438356164384,0.589041095890411,-0.0273972602739726,0.6354651162790697,438.0,146.0,0.5416666666666666,0.5416666666666666,0.0,0.5940504807692307,384.0
INTC,FB_net,fwd_5d,logit_level_plus_trend10,579,0.5112262521588946,0.5094991364421416,0.0017271157167529916,0.01171165765208304,-396.5286790507958,0.5510861780854619,0.5103448275862069,0.5862068965517241,-0.07586206896551717,0.5725490196078431,434.0,145.0,0.5197889182058048,0.5488126649076517,-0.02902374670184693,0.5728744939271255,379.0
INTC,FB_net,fwd_5d,logit_level_plus_trend15,574,0.5470383275261324,0.5069686411149826,0.04006968641114972,0.015380051149413543,-391.6923813215562,0.5646667395237575,0.5208333333333334,0.5833333333333334,-0.0625,0.6009920634920636,430.0,144.0,0.4919786096256685,0.5561497326203209,-0.06417112299465239,0.550364921223355,374.0
INTC,NRC_net,fwd_10d,logit_level_lag1,589,0.5195246179966044,0.5144312393887945,0.005093378607809895,0.0001663854370762552,-407.95043590572436,0.488996976620739,0.4864864864864865,0.5135135135135135,-0.027027027027026973,0.47651681286549696,441.0,148.0,0.480719794344473,0.5089974293059126,-0.028277634961439646,0.4914590935533344,389.0
INTC,NRC_net,fwd_10d,logit_level_plus_trend5,584,0.5136986301369864,0.5102739726027398,0.003424657534246589,0.00018503413848147687,-404.59977851174426,0.49397498474679685,0.4863013698630137,0.5068493150684932,-0.02054794520547948,0.5223348348348349,438.0,146.0,0.4401041666666667,0.515625,-0.07552083333333331,0.46396763332247204,384.0
INTC,NRC_net,fwd_10d,logit_level_plus_trend10,579,0.540587219343696,0.5112262521588946,0.029360967184801412,0.0015862259491261632,-400.54989198434896,0.5291459745965046,0.503448275862069,0.503448275862069,0.0,0.5197869101978692,434.0,145.0,0.47493403693931396,0.5224274406332454,-0.04749340369393146,0.4799374965120822,379.0
INTC,NRC_net,fwd_10d,logit_level_plus_trend15,574,0.5209059233449478,0.5121951219512195,0.008710801393728262,0.0005076520666621454,-397.4938419774632,0.5212342079689019,0.4722222222222222,0.5069444444444444,-0.03472222222222221,0.5173644607370249,430.0,144.0,0.45454545454545453,0.5294117647058824,-0.07486631016042783,0.4684056473829201,374.0
INTC,HF_net_4,fwd_10d,logit_level_lag1,589,0.5127334465195246,0.5144312393887945,-0.001697792869269965,7.475914328336497e-05,-407.98782111257157,0.5165939670890166,0.5,0.5135135135135135,-0.013513513513513487,0.45705409356725146,441.0,148.0,0.4832904884318766,0.5089974293059126,-0.02570694087403602,0.49304563964249826,389.0
INTC,HF_net_4,fwd_10d,logit_level_plus_trend5,584,0.5342465753424658,0.5102739726027398,0.023972602739726012,0.0021808502501177163,-403.7921223110568,0.5352583657952785,0.4931506849315068,0.5068493150684932,-0.013698630136986356,0.4671546546546547,438.0,146.0,0.4739583333333333,0.515625,-0.041666666666666685,0.49234278266536335,384.0
INTC,HF_net_4,fwd_10d,logit_level_plus_trend10,579,0.5146804835924007,0.5112262521588946,0.003454231433506094,0.0014691265366432171,-400.59687066016505,0.5238038391748638,0.5241379310344828,0.503448275862069,0.020689655172413834,0.4883942161339422,434.0,145.0,0.47229551451187335,0.5224274406332454,-0.05013192612137207,0.4719292371226073,379.0
INTC,HF_net_4,fwd_10d,logit_level_plus_trend15,574,0.5104529616724739,0.5121951219512195,-0.0017421602787456303,2.03697614723497e-05,-397.6876320710222,0.5096209912536442,0.5,0.5069444444444444,-0.00694444444444442,0.466911055373336,430.0,144.0,0.4625668449197861,0.5294117647058824,-0.06684491978609625,0.46648301193755737,374.0
INTC,FB_net,fwd_10d,logit_level_lag1,589,0.5178268251273345,0.5144312393887945,0.00339558573853993,0.0011715395380627047,-407.5403146138641,0.5039407786932539,0.49324324324324326,0.5135135135135135,-0.02027027027027023,0.4989035087719298,441.0,148.0,0.4704370179948586,0.5089974293059126,-0.03856041131105403,0.5099159130572744,389.0
INTC,FB_net,fwd_10d,logit_level_plus_trend5,584,0.5428082191780822,0.5102739726027398,0.03253424657534243,0.005500120475221415,-402.4488977707636,0.5519195569531139,0.5068493150684932,0.5068493150684932,0.0,0.5762012012012012,438.0,146.0,0.5078125,0.515625,-0.0078125,0.5376615618551103,384.0
INTC,FB_net,fwd_10d,logit_level_plus_trend10,579,0.5008635578583766,0.5112262521588946,-0.01036269430051806,0.002390764784571453,-400.2271220546761,0.5223713112405691,0.5172413793103449,0.503448275862069,0.01379310344827589,0.5053272450532724,434.0,145.0,0.47229551451187335,0.5224274406332454,-0.05013192612137207,0.49162899715385905,379.0
INTC,FB_net,fwd_10d,logit_level_plus_trend15,574,0.5348432055749129,0.5121951219512195,0.022648083623693416,0.0035558392062825517,-396.28159095853414,0.5403061224489796,0.5347222222222222,0.5069444444444444,0.02777777777777779,0.5365618367740691,430.0,144.0,0.4893048128342246,0.5294117647058824,-0.04010695187165775,0.49629820936639124,374.0
INTC,NRC_net,fwd_15d,logit_level_lag1,589,0.534804753820034,0.534804753820034,0.0,0.00017481342818836954,-406.7644194785822,0.5153052948673387,0.5405405405405406,0.5405405405405406,0.0,0.5245404411764707,441.0,148.0,0.5218508997429306,0.5218508997429306,0.0,0.47330367074527246,389.0
INTC,NRC_net,fwd_15d,logit_level_plus_trend5,584,0.5308219178082192,0.535958904109589,-0.005136986301369828,0.0004980480546001864,-403.08551891448167,0.5240441861287622,0.5136986301369864,0.547945205479452,-0.03424657534246567,0.43589015151515154,438.0,146.0,0.5,0.515625,-0.015625,0.4849027913544043,384.0
INTC,NRC_net,fwd_15d,logit_level_plus_trend10,579,0.538860103626943,0.5371329879101899,0.0017271157167531026,0.0006238882819168401,-399.4846386772322,0.5110440562461007,0.5379310344827586,0.5517241379310345,-0.01379310344827589,0.4731730769230769,434.0,145.0,0.49340369393139843,0.5092348284960422,-0.015831134564643745,0.4952922168365925,379.0
INTC,NRC_net,fwd_15d,logit_level_plus_trend15,574,0.5418118466898955,0.5418118466898955,0.0,0.0006204213356649779,-395.6115691181633,0.5166090007702371,0.5416666666666666,0.5486111111111112,-0.006944444444444531,0.4949367088607595,430.0,144.0,0.5053475935828877,0.5026737967914439,0.002673796791443861,0.46411004346831386,374.0
INTC,HF_net_4,fwd_15d,logit_level_lag1,589,0.534804753820034,0.534804753820034,0.0,0.00016570838293605838,-406.76812373458233,0.5032441200324412,0.5405405405405406,0.5405405405405406,0.0,0.5121323529411764,441.0,148.0,0.5218508997429306,0.5218508997429306,0.0,0.4714232745378462,389.0
INTC,HF_net_4,fwd_15d,logit_level_plus_trend5,584,0.5291095890410958,0.535958904109589,-0.006849315068493178,0.0017850331572466516,-402.5664953578735,0.5303160699338623,0.541095890410959,0.547945205479452,-0.006849315068493067,0.5026515151515152,438.0,146.0,0.5104166666666666,0.515625,-0.00520833333333337,0.4803953513630933,384.0
INTC,HF_net_4,fwd_15d,logit_level_plus_trend10,579,0.5371329879101899,0.5371329879101899,0.0,0.0004179865818357831,-399.5669445931886,0.5128857321111484,0.5517241379310345,0.5517241379310345,0.0,0.4790384615384615,434.0,145.0,0.5092348284960422,0.5092348284960422,0.0,0.44974650398350885,379.0
INTC,HF_net_4,fwd_15d,logit_level_plus_trend15,574,0.5418118466898955,0.5418118466898955,0.0,6.749782314152686e-05,-395.8304478535924,0.4980377293900456,0.5347222222222222,0.5486111111111112,-0.01388888888888895,0.4296007789678675,430.0,144.0,0.5,0.5026737967914439,-0.002673796791443861,0.43697094486387555,374.0
INTC,FB_net,fwd_15d,logit_level_lag1,589,0.5534804753820034,0.534804753820034,0.018675721561969394,0.0011904188223837986,-406.351235109817,0.5070269957131271,0.5472972972972973,0.5405405405405406,0.006756756756756688,0.4814338235294118,441.0,148.0,0.5269922879177378,0.5218508997429306,0.005141388174807138,0.49502092271836434,389.0
INTC,FB_net,fwd_15d,logit_level_plus_trend5,584,0.5393835616438356,0.535958904109589,0.003424657534246589,0.002321267935563198,-402.35023917802613,0.5226530540065785,0.547945205479452,0.547945205479452,0.0,0.49905303030303033,438.0,146.0,0.5130208333333334,0.515625,-0.0026041666666666297,0.49853372434017595,384.0
INTC,FB_net,fwd_15d,logit_level_plus_trend10,579,0.5561312607944733,0.5371329879101899,0.01899827288428335,0.0038352953363076647,-398.20092999966204,0.5395930316264337,0.5724137931034483,0.5517241379310345,0.020689655172413834,0.5409615384615385,434.0,145.0,0.49868073878627966,0.5092348284960422,-0.010554089709762515,0.49203298233884896,379.0
INTC,FB_net,fwd_15d,logit_level_plus_trend15,574,0.5470383275261324,0.5418118466898955,0.005226480836236891,0.0007919474859412468,-395.54366926218836,0.5002261807245119,0.5555555555555556,0.5486111111111112,0.00694444444444442,0.4886075949367089,430.0,144.0,0.5026737967914439,0.5026737967914439,0.0,0.4464081445893388,374.0
