language_code,language_name,platform,n_rows,hf_net_mean,hf_net_std
en,English,reddit,200,-0.1239485,0.38902062662208176
en,English,bluesky,500,0.0020390000000000004,0.3664370624547699
de,German,reddit,162,0.030403086419753086,0.06391252214792696
de,German,bluesky,500,-0.026059199999999998,0.27941599863993455
es,Spanish,reddit,83,-0.05003614457831325,0.2636539743486384
es,Spanish,bluesky,500,-0.08015440000000001,0.3536399177461263
fr,French,reddit,65,-0.023858461538461537,0.22840379942405983
fr,French,bluesky,500,-0.0944088,0.3385802678214963
pt,Portuguese,reddit,34,-0.12314117647058825,0.28235431869093564
pt,Portuguese,bluesky,500,-0.0856832,0.3299064247570088
